"Delivery Date","Hour Ending","MW Offered","REGUP Offer Price"
"01/31/2023","01","51.8","0"
"01/31/2023","01","144.3",".01"
"01/31/2023","01","174.3",".02"
"01/31/2023","01","181.8",".75"
"01/31/2023","01","232.8",".79"
"01/31/2023","01","274.8",".99"
"01/31/2023","01","316.8","1.29"
"01/31/2023","01","339.3","1.4"
"01/31/2023","01","363.3","1.7"
"01/31/2023","01","378.3","1.8"
"01/31/2023","01","395.8","1.95"
"01/31/2023","01","441.8","1.98"
"01/31/2023","01","460","2"
"01/31/2023","01","472","2.21"
"01/31/2023","01","504","2.49"
"01/31/2023","01","528","2.65"
"01/31/2023","01","536","2.71"
"01/31/2023","01","546","2.8"
"01/31/2023","01","626","2.98"
"01/31/2023","01","641","3.48"
"01/31/2023","01","651","4"
"01/31/2023","01","664","7.95"
"01/31/2023","01","694","8"
"01/31/2023","01","718","8.65"
"01/31/2023","01","738","9.99"
"01/31/2023","01","760.2","10"
"01/31/2023","01","767.7","10.91"
"01/31/2023","01","787.7","11.14"
"01/31/2023","01","882.7","11.25"
"01/31/2023","01","887.7","11.63"
"01/31/2023","01","903.7","11.68"
"01/31/2023","01","923.7","12.04"
"01/31/2023","01","933.7","12.28"
"01/31/2023","01","941.2","12.59"
"01/31/2023","01","961.2","12.71"
"01/31/2023","01","981.2","12.81"
"01/31/2023","01","1003.4","13"
"01/31/2023","01","1017.4","13.14"
"01/31/2023","01","1029.4","13.27"
"01/31/2023","01","1036.9","13.4"
"01/31/2023","01","1044.4","13.91"
"01/31/2023","01","1064.4","14.17"
"01/31/2023","01","1078.4","14.4"
"01/31/2023","01","1102.4","14.65"
"01/31/2023","01","1117.4","14.66"
"01/31/2023","01","1137.4","14.8"
"01/31/2023","01","1157.4","14.97"
"01/31/2023","01","1177.4","15.09"
"01/31/2023","01","1191.4","15.11"
"01/31/2023","01","1203.4","15.21"
"01/31/2023","01","1215.4","15.32"
"01/31/2023","01","1230.4","15.4"
"01/31/2023","01","1245.4","15.51"
"01/31/2023","01","1257.4","15.6"
"01/31/2023","01","1272.4","16.19"
"01/31/2023","01","1292.4","16.71"
"01/31/2023","01","1308.4","16.92"
"01/31/2023","01","1338","18.2"
"01/31/2023","01","1353","18.36"
"01/31/2023","01","1364","20"
"01/31/2023","01","1383","22.65"
"01/31/2023","01","1388","25"
"01/31/2023","01","1398","75"
"01/31/2023","01","1410.8","100"
"01/31/2023","01","1432.8","2000"
"01/31/2023","01","1432.9","5000"
"01/31/2023","02","51.8","0"
"01/31/2023","02","174.3",".01"
"01/31/2023","02","181.8",".03"
"01/31/2023","02","232.8",".79"
"01/31/2023","02","274.8",".99"
"01/31/2023","02","316.8","1.29"
"01/31/2023","02","339.3","1.4"
"01/31/2023","02","363.3","1.7"
"01/31/2023","02","378.3","1.8"
"01/31/2023","02","395.8","1.95"
"01/31/2023","02","441.8","1.98"
"01/31/2023","02","460","2"
"01/31/2023","02","472","2.21"
"01/31/2023","02","504","2.49"
"01/31/2023","02","528","2.65"
"01/31/2023","02","536","2.71"
"01/31/2023","02","546","2.8"
"01/31/2023","02","626","3.01"
"01/31/2023","02","641","3.26"
"01/31/2023","02","651","4"
"01/31/2023","02","658.5","7.87"
"01/31/2023","02","678.5","7.88"
"01/31/2023","02","691.5","7.95"
"01/31/2023","02","721.5","8"
"01/31/2023","02","737.5","8.43"
"01/31/2023","02","761.5","8.65"
"01/31/2023","02","781.5","8.79"
"01/31/2023","02","791.5","9.03"
"01/31/2023","02","811.5","9.47"
"01/31/2023","02","839","9.57"
"01/31/2023","02","853","9.89"
"01/31/2023","02","873","9.93"
"01/31/2023","02","895.2","10"
"01/31/2023","02","907.2","10.03"
"01/31/2023","02","914.7","10.39"
"01/31/2023","02","922.2","10.9"
"01/31/2023","02","942.2","10.94"
"01/31/2023","02","956.2","11.17"
"01/31/2023","02","1051.2","11.25"
"01/31/2023","02","1066.2","11.43"
"01/31/2023","02","1086.2","11.57"
"01/31/2023","02","1091.2","11.63"
"01/31/2023","02","1111.2","11.75"
"01/31/2023","02","1131.2","11.87"
"01/31/2023","02","1145.2","11.89"
"01/31/2023","02","1157.2","11.99"
"01/31/2023","02","1169.2","12.1"
"01/31/2023","02","1184.2","12.18"
"01/31/2023","02","1199.2","12.28"
"01/31/2023","02","1211.2","12.38"
"01/31/2023","02","1226.2","12.98"
"01/31/2023","02","1248.4","13"
"01/31/2023","02","1268.4","13.49"
"01/31/2023","02","1284.4","13.71"
"01/31/2023","02","1308.4","14.65"
"01/31/2023","02","1323.4","15.17"
"01/31/2023","02","1353","18.2"
"01/31/2023","02","1364","20"
"01/31/2023","02","1383","22.65"
"01/31/2023","02","1388","25"
"01/31/2023","02","1398","75"
"01/31/2023","02","1408.3","100"
"01/31/2023","02","1430.3","2000"
"01/31/2023","02","1430.4","5000"
"01/31/2023","03","51.8","0"
"01/31/2023","03","61.8",".01"
"01/31/2023","03","174.3",".08"
"01/31/2023","03","181.8",".24"
"01/31/2023","03","232.8",".79"
"01/31/2023","03","274.8",".99"
"01/31/2023","03","316.8","1.29"
"01/31/2023","03","339.3","1.4"
"01/31/2023","03","363.3","1.7"
"01/31/2023","03","378.3","1.8"
"01/31/2023","03","395.8","1.95"
"01/31/2023","03","441.8","1.98"
"01/31/2023","03","460","2"
"01/31/2023","03","472","2.21"
"01/31/2023","03","504","2.49"
"01/31/2023","03","528","2.65"
"01/31/2023","03","536","2.71"
"01/31/2023","03","546","2.8"
"01/31/2023","03","626","3.03"
"01/31/2023","03","636","4"
"01/31/2023","03","651","4.58"
"01/31/2023","03","671","5.95"
"01/31/2023","03","678.5","6.01"
"01/31/2023","03","694.5","6.5"
"01/31/2023","03","714.5","6.8"
"01/31/2023","03","724.5","7.04"
"01/31/2023","03","744.5","7.43"
"01/31/2023","03","764.5","7.52"
"01/31/2023","03","772","7.59"
"01/31/2023","03","786","7.86"
"01/31/2023","03","799","7.95"
"01/31/2023","03","811","7.98"
"01/31/2023","03","841","8"
"01/31/2023","03","848.5","8.35"
"01/31/2023","03","872.5","8.65"
"01/31/2023","03","892.5","8.81"
"01/31/2023","03","900","8.82"
"01/31/2023","03","914","9.04"
"01/31/2023","03","929","9.27"
"01/31/2023","03","949","9.4"
"01/31/2023","03","969","9.57"
"01/31/2023","03","989","9.68"
"01/31/2023","03","1003","9.72"
"01/31/2023","03","1015","9.81"
"01/31/2023","03","1027","9.91"
"01/31/2023","03","1042","9.97"
"01/31/2023","03","1064.2","10"
"01/31/2023","03","1084.2","10.03"
"01/31/2023","03","1099.2","10.08"
"01/31/2023","03","1111.2","10.16"
"01/31/2023","03","1126.2","10.72"
"01/31/2023","03","1146.2","11.2"
"01/31/2023","03","1241.2","11.25"
"01/31/2023","03","1257.2","11.41"
"01/31/2023","03","1262.2","11.63"
"01/31/2023","03","1277.2","12.76"
"01/31/2023","03","1299.4","13"
"01/31/2023","03","1323.4","14.65"
"01/31/2023","03","1353","18.2"
"01/31/2023","03","1364","20"
"01/31/2023","03","1383","22.65"
"01/31/2023","03","1388","25"
"01/31/2023","03","1398","75"
"01/31/2023","03","1411.6","100"
"01/31/2023","03","1433.6","2000"
"01/31/2023","03","1433.7","5000"
"01/31/2023","04","51.8","0"
"01/31/2023","04","61.8",".01"
"01/31/2023","04","144.3",".36"
"01/31/2023","04","166.8",".37"
"01/31/2023","04","174.3",".38"
"01/31/2023","04","181.8",".4"
"01/31/2023","04","232.8",".79"
"01/31/2023","04","274.8",".99"
"01/31/2023","04","316.8","1.29"
"01/31/2023","04","339.3","1.4"
"01/31/2023","04","363.3","1.7"
"01/31/2023","04","378.3","1.8"
"01/31/2023","04","395.8","1.95"
"01/31/2023","04","441.8","1.98"
"01/31/2023","04","460","2"
"01/31/2023","04","472","2.21"
"01/31/2023","04","504","2.49"
"01/31/2023","04","528","2.65"
"01/31/2023","04","536","2.71"
"01/31/2023","04","546","2.8"
"01/31/2023","04","626","2.98"
"01/31/2023","04","636","4"
"01/31/2023","04","656","5.48"
"01/31/2023","04","671","5.49"
"01/31/2023","04","678.5","5.55"
"01/31/2023","04","694.5","6.03"
"01/31/2023","04","714.5","6.3"
"01/31/2023","04","724.5","6.54"
"01/31/2023","04","744.5","6.91"
"01/31/2023","04","764.5","6.99"
"01/31/2023","04","772","7.07"
"01/31/2023","04","786","7.33"
"01/31/2023","04","798","7.45"
"01/31/2023","04","805.5","7.8"
"01/31/2023","04","818.5","7.95"
"01/31/2023","04","848.5","8"
"01/31/2023","04","868.5","8.23"
"01/31/2023","04","876","8.24"
"01/31/2023","04","890","8.46"
"01/31/2023","04","914","8.65"
"01/31/2023","04","929","8.68"
"01/31/2023","04","949","8.8"
"01/31/2023","04","969","8.96"
"01/31/2023","04","989","9.07"
"01/31/2023","04","1003","9.12"
"01/31/2023","04","1015","9.2"
"01/31/2023","04","1027","9.3"
"01/31/2023","04","1042","9.36"
"01/31/2023","04","1057","9.46"
"01/31/2023","04","1069","9.53"
"01/31/2023","04","1089","9.97"
"01/31/2023","04","1111.2","10"
"01/31/2023","04","1126.2","10.08"
"01/31/2023","04","1146.2","10.53"
"01/31/2023","04","1162.2","10.74"
"01/31/2023","04","1257.2","11.25"
"01/31/2023","04","1267.2","11.63"
"01/31/2023","04","1282.2","12.04"
"01/31/2023","04","1304.4","13"
"01/31/2023","04","1328.4","14.65"
"01/31/2023","04","1358","18.2"
"01/31/2023","04","1369","20"
"01/31/2023","04","1388","22.65"
"01/31/2023","04","1393","25"
"01/31/2023","04","1403","75"
"01/31/2023","04","1417.1","100"
"01/31/2023","04","1439.1","2000"
"01/31/2023","04","1439.2","5000"
"01/31/2023","05","51.8","0"
"01/31/2023","05","61.8",".01"
"01/31/2023","05","121.8",".49"
"01/31/2023","05","129.3",".51"
"01/31/2023","05","144.3",".73"
"01/31/2023","05","195.3",".79"
"01/31/2023","05","210.3",".98"
"01/31/2023","05","252.3",".99"
"01/31/2023","05","267.3","1.16"
"01/31/2023","05","309.3","1.29"
"01/31/2023","05","331.8","1.4"
"01/31/2023","05","355.8","1.7"
"01/31/2023","05","370.8","1.8"
"01/31/2023","05","388.3","1.95"
"01/31/2023","05","434.3","1.98"
"01/31/2023","05","452.5","2"
"01/31/2023","05","464.5","2.21"
"01/31/2023","05","496.5","2.49"
"01/31/2023","05","504","2.55"
"01/31/2023","05","528","2.65"
"01/31/2023","05","536","2.71"
"01/31/2023","05","546","2.8"
"01/31/2023","05","626","2.95"
"01/31/2023","05","641","3.96"
"01/31/2023","05","651","4"
"01/31/2023","05","664","7.95"
"01/31/2023","05","694","8"
"01/31/2023","05","701.5","8.57"
"01/31/2023","05","725.5","8.65"
"01/31/2023","05","745.5","8.67"
"01/31/2023","05","761.5","9.22"
"01/31/2023","05","781.5","9.55"
"01/31/2023","05","791.5","9.79"
"01/31/2023","05","811.5","9.96"
"01/31/2023","05","837.6","10"
"01/31/2023","05","865.1","10.2"
"01/31/2023","05","885.1","10.29"
"01/31/2023","05","899.1","10.62"
"01/31/2023","05","911.1","10.75"
"01/31/2023","05","918.6","10.98"
"01/31/2023","05","1013.6","11.25"
"01/31/2023","05","1021.1","11.47"
"01/31/2023","05","1041.1","11.61"
"01/31/2023","05","1046.1","11.63"
"01/31/2023","05","1060.1","11.84"
"01/31/2023","05","1075.1","12.09"
"01/31/2023","05","1095.1","12.22"
"01/31/2023","05","1115.1","12.39"
"01/31/2023","05","1135.1","12.5"
"01/31/2023","05","1149.1","12.53"
"01/31/2023","05","1161.1","12.63"
"01/31/2023","05","1173.1","12.73"
"01/31/2023","05","1188.1","12.81"
"01/31/2023","05","1203.1","12.91"
"01/31/2023","05","1241.2","13"
"01/31/2023","05","1256.2","13.57"
"01/31/2023","05","1276.2","14.07"
"01/31/2023","05","1292.2","14.28"
"01/31/2023","05","1316.2","14.65"
"01/31/2023","05","1331.2","15.68"
"01/31/2023","05","1366","18.2"
"01/31/2023","05","1377","20"
"01/31/2023","05","1396","22.65"
"01/31/2023","05","1401","25"
"01/31/2023","05","1411","75"
"01/31/2023","05","1429.7","100"
"01/31/2023","05","1451.7","2000"
"01/31/2023","05","1451.8","5000"
"01/31/2023","06","51.8","0"
"01/31/2023","06","61.8",".01"
"01/31/2023","06","112.8",".79"
"01/31/2023","06","163.8",".97"
"01/31/2023","06","214.8","1.29"
"01/31/2023","06","237.3","1.4"
"01/31/2023","06","261.3","1.7"
"01/31/2023","06","276.3","1.8"
"01/31/2023","06","293.8","1.95"
"01/31/2023","06","330.8","1.99"
"01/31/2023","06","349","2"
"01/31/2023","06","361","2.21"
"01/31/2023","06","369","2.71"
"01/31/2023","06","376.5","2.78"
"01/31/2023","06","391.5","2.79"
"01/31/2023","06","401.5","2.8"
"01/31/2023","06","481.5","2.97"
"01/31/2023","06","504.5","3.98"
"01/31/2023","06","514.5","4"
"01/31/2023","06","538.5","4.15"
"01/31/2023","06","553.5","4.21"
"01/31/2023","06","576","4.51"
"01/31/2023","06","598.5","5.69"
"01/31/2023","06","613.5","6.15"
"01/31/2023","06","618.5","6.19"
"01/31/2023","06","633.5","6.41"
"01/31/2023","06","648.5","6.6"
"01/31/2023","06","661.5","7.95"
"01/31/2023","06","691.5","8"
"01/31/2023","06","699","8.43"
"01/31/2023","06","704","8.78"
"01/31/2023","06","724","10.02"
"01/31/2023","06","748","10.15"
"01/31/2023","06","813","10.69"
"01/31/2023","06","908","11.25"
"01/31/2023","06","913","11.63"
"01/31/2023","06","937","16.15"
"01/31/2023","06","944.5","17.29"
"01/31/2023","06","964.5","18.01"
"01/31/2023","06","980.5","18.56"
"01/31/2023","06","1000.5","18.92"
"01/31/2023","06","1008","18.97"
"01/31/2023","06","1018","19.16"
"01/31/2023","06","1038","19.59"
"01/31/2023","06","1058","19.69"
"01/31/2023","06","1065.5","19.79"
"01/31/2023","06","1076.5","20"
"01/31/2023","06","1090.5","20.02"
"01/31/2023","06","1102.5","20.15"
"01/31/2023","06","1110","20.3"
"01/31/2023","06","1185","20.69"
"01/31/2023","06","1205","21.05"
"01/31/2023","06","1219","21.28"
"01/31/2023","06","1234","21.54"
"01/31/2023","06","1254","21.68"
"01/31/2023","06","1274","21.86"
"01/31/2023","06","1294","21.98"
"01/31/2023","06","1308","22"
"01/31/2023","06","1320","22.1"
"01/31/2023","06","1332","22.21"
"01/31/2023","06","1347","22.29"
"01/31/2023","06","1362","22.39"
"01/31/2023","06","1374","22.49"
"01/31/2023","06","1389","23.08"
"01/31/2023","06","1409","23.6"
"01/31/2023","06","1425","23.81"
"01/31/2023","06","1444","24.15"
"01/31/2023","06","1449","25"
"01/31/2023","06","1464","25.26"
"01/31/2023","06","1539","35.69"
"01/31/2023","06","1549","75"
"01/31/2023","06","1603.5","100"
"01/31/2023","06","1629.6","130"
"01/31/2023","06","1664.4","182"
"01/31/2023","06","1686.4","2000"
"01/31/2023","06","1686.5","5000"
"01/31/2023","07","42","0"
"01/31/2023","07","52",".01"
"01/31/2023","07","103",".98"
"01/31/2023","07","154",".99"
"01/31/2023","07","176.5","1.4"
"01/31/2023","07","200.5","1.7"
"01/31/2023","07","215.5","1.8"
"01/31/2023","07","233","1.95"
"01/31/2023","07","251.2","2"
"01/31/2023","07","263.2","2.21"
"01/31/2023","07","271.2","2.71"
"01/31/2023","07","281.2","2.8"
"01/31/2023","07","361.2","2.99"
"01/31/2023","07","403.2","3.97"
"01/31/2023","07","413.2","4"
"01/31/2023","07","437.2","4.15"
"01/31/2023","07","442.2","6.19"
"01/31/2023","07","479.2","6.98"
"01/31/2023","07","492.2","7.95"
"01/31/2023","07","522.2","8"
"01/31/2023","07","527.2","8.78"
"01/31/2023","07","547.2","9.99"
"01/31/2023","07","571.2","10.15"
"01/31/2023","07","666.2","11.2"
"01/31/2023","07","703.2","11.49"
"01/31/2023","07","708.2","11.63"
"01/31/2023","07","715.7","12.47"
"01/31/2023","07","730.7","14.7"
"01/31/2023","07","753.2","14.74"
"01/31/2023","07","775.7","15.94"
"01/31/2023","07","799.7","16.15"
"01/31/2023","07","814.7","16.66"
"01/31/2023","07","829.7","16.93"
"01/31/2023","07","844.7","17.12"
"01/31/2023","07","852.2","19.76"
"01/31/2023","07","863.2","20"
"01/31/2023","07","882.2","24.15"
"01/31/2023","07","887.2","25"
"01/31/2023","07","907.2","25.69"
"01/31/2023","07","917.2","35.69"
"01/31/2023","07","957.2","40.69"
"01/31/2023","07","967.2","65.69"
"01/31/2023","07","987.2","70.69"
"01/31/2023","07","997.2","75"
"01/31/2023","07","997.3","78.58"
"01/31/2023","07","1012.2","79.15"
"01/31/2023","07","1019.7","98.82"
"01/31/2023","07","1068","100"
"01/31/2023","07","1075.5","100.53"
"01/31/2023","07","1083","101.36"
"01/31/2023","07","1090.5","101.87"
"01/31/2023","07","1110.5","106.04"
"01/31/2023","07","1126.5","106.59"
"01/31/2023","07","1146.5","106.96"
"01/31/2023","07","1156.5","107.2"
"01/31/2023","07","1176.5","107.64"
"01/31/2023","07","1196.5","107.75"
"01/31/2023","07","1210.5","108.07"
"01/31/2023","07","1222.5","108.21"
"01/31/2023","07","1242.5","109.12"
"01/31/2023","07","1256.5","109.35"
"01/31/2023","07","1271.5","109.62"
"01/31/2023","07","1291.5","109.76"
"01/31/2023","07","1311.5","109.94"
"01/31/2023","07","1331.5","110.06"
"01/31/2023","07","1345.5","110.08"
"01/31/2023","07","1357.5","110.18"
"01/31/2023","07","1369.5","110.29"
"01/31/2023","07","1384.5","110.37"
"01/31/2023","07","1399.5","110.48"
"01/31/2023","07","1411.5","110.58"
"01/31/2023","07","1426.5","111.18"
"01/31/2023","07","1446.5","111.7"
"01/31/2023","07","1462.5","111.91"
"01/31/2023","07","1477.5","113.39"
"01/31/2023","07","1495.8","130"
"01/31/2023","07","1520.2","182"
"01/31/2023","07","1542.2","2000"
"01/31/2023","07","1542.3","5000"
"01/31/2023","08","42","0"
"01/31/2023","08","52",".01"
"01/31/2023","08","74.5","1.4"
"01/31/2023","08","98.5","1.7"
"01/31/2023","08","113.5","1.8"
"01/31/2023","08","131","1.95"
"01/31/2023","08","149.2","2"
"01/31/2023","08","161.2","2.21"
"01/31/2023","08","169.2","2.71"
"01/31/2023","08","179.2","2.8"
"01/31/2023","08","259.2","2.99"
"01/31/2023","08","329.2","3"
"01/31/2023","08","339.2","4"
"01/31/2023","08","363.2","4.15"
"01/31/2023","08","414.2","4.47"
"01/31/2023","08","419.2","6.19"
"01/31/2023","08","432.2","7.95"
"01/31/2023","08","462.2","8"
"01/31/2023","08","467.2","8.78"
"01/31/2023","08","518.2","8.97"
"01/31/2023","08","538.2","9.99"
"01/31/2023","08","562.2","10.15"
"01/31/2023","08","569.7","10.93"
"01/31/2023","08","574.7","11.63"
"01/31/2023","08","589.7","12.96"
"01/31/2023","08","612.2","13"
"01/31/2023","08","634.7","14.1"
"01/31/2023","08","649.7","14.76"
"01/31/2023","08","664.7","15.01"
"01/31/2023","08","679.7","15.18"
"01/31/2023","08","703.7","16.15"
"01/31/2023","08","745.7","16.97"
"01/31/2023","08","753.2","17.61"
"01/31/2023","08","764.2","20"
"01/31/2023","08","783.2","24.15"
"01/31/2023","08","788.2","25"
"01/31/2023","08","808.2","25.69"
"01/31/2023","08","818.2","35.69"
"01/31/2023","08","858.2","40.69"
"01/31/2023","08","895.2","46.97"
"01/31/2023","08","905.2","60"
"01/31/2023","08","915.2","65.69"
"01/31/2023","08","952.2","65.97"
"01/31/2023","08","972.2","70.69"
"01/31/2023","08","982.2","75"
"01/31/2023","08","982.3","82.74"
"01/31/2023","08","997.2","83.38"
"01/31/2023","08","1004.7","99.93"
"01/31/2023","08","1043.8","100"
"01/31/2023","08","1051.3","101.5"
"01/31/2023","08","1058.8","102.25"
"01/31/2023","08","1066.3","102.71"
"01/31/2023","08","1086.3","107.88"
"01/31/2023","08","1102.3","108.42"
"01/31/2023","08","1122.3","108.72"
"01/31/2023","08","1132.3","108.96"
"01/31/2023","08","1152.3","109.34"
"01/31/2023","08","1172.3","109.44"
"01/31/2023","08","1186.3","109.77"
"01/31/2023","08","1198.3","109.89"
"01/31/2023","08","1218.3","110.71"
"01/31/2023","08","1232.3","110.94"
"01/31/2023","08","1247.3","111.17"
"01/31/2023","08","1267.3","111.29"
"01/31/2023","08","1287.3","111.46"
"01/31/2023","08","1307.3","111.57"
"01/31/2023","08","1321.3","111.61"
"01/31/2023","08","1333.3","111.7"
"01/31/2023","08","1345.3","111.8"
"01/31/2023","08","1360.3","111.86"
"01/31/2023","08","1375.3","111.97"
"01/31/2023","08","1387.3","112.05"
"01/31/2023","08","1402.3","112.6"
"01/31/2023","08","1422.3","113.07"
"01/31/2023","08","1438.3","113.29"
"01/31/2023","08","1453.3","114.62"
"01/31/2023","08","1471.6","130"
"01/31/2023","08","1496","182"
"01/31/2023","08","1518","2000"
"01/31/2023","09","42","0"
"01/31/2023","09","52",".01"
"01/31/2023","09","103",".99"
"01/31/2023","09","125.5","1.4"
"01/31/2023","09","149.5","1.7"
"01/31/2023","09","164.5","1.8"
"01/31/2023","09","182","1.95"
"01/31/2023","09","200.2","2"
"01/31/2023","09","212.2","2.21"
"01/31/2023","09","220.2","2.71"
"01/31/2023","09","230.2","2.8"
"01/31/2023","09","310.2","2.96"
"01/31/2023","09","380.2","3"
"01/31/2023","09","390.2","4"
"01/31/2023","09","414.2","4.15"
"01/31/2023","09","444.2","5.69"
"01/31/2023","09","451.7","6.45"
"01/31/2023","09","464.7","7.95"
"01/31/2023","09","515.7","7.97"
"01/31/2023","09","560.7","8"
"01/31/2023","09","583.2","8.13"
"01/31/2023","09","598.2","9.62"
"01/31/2023","09","613.2","9.85"
"01/31/2023","09","633.2","9.96"
"01/31/2023","09","648.2","10"
"01/31/2023","09","672.2","10.15"
"01/31/2023","09","677.2","11.63"
"01/31/2023","09","684.7","11.94"
"01/31/2023","09","714.7","12.69"
"01/31/2023","09","765.7","12.97"
"01/31/2023","09","789.7","16.15"
"01/31/2023","09","800.7","20"
"01/31/2023","09","819.7","24.15"
"01/31/2023","09","824.7","25"
"01/31/2023","09","861.7","26.97"
"01/31/2023","09","861.8","35.55"
"01/31/2023","09","871.8","35.69"
"01/31/2023","09","886.7","35.87"
"01/31/2023","09","909.7","45.97"
"01/31/2023","09","917.2","53.47"
"01/31/2023","09","924.7","54.87"
"01/31/2023","09","932.2","55.55"
"01/31/2023","09","939.7","55.96"
"01/31/2023","09","959.7","58.26"
"01/31/2023","09","975.7","58.81"
"01/31/2023","09","995.7","59.03"
"01/31/2023","09","1005.7","59.27"
"01/31/2023","09","1025.7","59.59"
"01/31/2023","09","1045.7","59.67"
"01/31/2023","09","1055.7","60"
"01/31/2023","09","1069.7","60.02"
"01/31/2023","09","1081.7","60.13"
"01/31/2023","09","1101.7","60.83"
"01/31/2023","09","1115.7","61.06"
"01/31/2023","09","1130.7","61.25"
"01/31/2023","09","1150.7","61.35"
"01/31/2023","09","1170.7","61.51"
"01/31/2023","09","1190.7","61.61"
"01/31/2023","09","1204.7","61.67"
"01/31/2023","09","1216.7","61.75"
"01/31/2023","09","1228.7","61.84"
"01/31/2023","09","1243.7","61.88"
"01/31/2023","09","1258.7","61.98"
"01/31/2023","09","1270.7","62.04"
"01/31/2023","09","1285.7","62.55"
"01/31/2023","09","1305.7","62.97"
"01/31/2023","09","1321.7","63.18"
"01/31/2023","09","1336.7","64.37"
"01/31/2023","09","1346.7","65.69"
"01/31/2023","09","1356.7","75"
"01/31/2023","09","1391.3","100"
"01/31/2023","09","1409.9","130"
"01/31/2023","09","1434.7","182"
"01/31/2023","09","1456.7","2000"
"01/31/2023","10","42","0"
"01/31/2023","10","52",".01"
"01/31/2023","10","103",".99"
"01/31/2023","10","125.5","1.4"
"01/31/2023","10","176.5","1.49"
"01/31/2023","10","200.5","1.7"
"01/31/2023","10","215.5","1.8"
"01/31/2023","10","233","1.95"
"01/31/2023","10","251.2","2"
"01/31/2023","10","263.2","2.21"
"01/31/2023","10","271.2","2.71"
"01/31/2023","10","281.2","2.8"
"01/31/2023","10","361.2","2.97"
"01/31/2023","10","431.2","3"
"01/31/2023","10","446.2","3.39"
"01/31/2023","10","453.7","3.76"
"01/31/2023","10","463.7","4"
"01/31/2023","10","487.7","4.15"
"01/31/2023","10","507.7","4.69"
"01/31/2023","10","522.7","5.17"
"01/31/2023","10","545.2","5.39"
"01/31/2023","10","575.2","5.69"
"01/31/2023","10","575.3","6.15"
"01/31/2023","10","590.2","6.24"
"01/31/2023","10","605.2","6.69"
"01/31/2023","10","620.2","6.9"
"01/31/2023","10","635.2","7.14"
"01/31/2023","10","650.2","7.31"
"01/31/2023","10","663.2","7.95"
"01/31/2023","10","714.2","7.97"
"01/31/2023","10","744.2","8"
"01/31/2023","10","751.7","9.11"
"01/31/2023","10","771.7","9.99"
"01/31/2023","10","795.7","10.15"
"01/31/2023","10","805.7","11.63"
"01/31/2023","10","835.7","12.69"
"01/31/2023","10","859.7","16.15"
"01/31/2023","10","896.7","17.97"
"01/31/2023","10","907.7","20"
"01/31/2023","10","926.7","24.15"
"01/31/2023","10","931.7","25"
"01/31/2023","10","939.2","27.85"
"01/31/2023","10","962.2","27.97"
"01/31/2023","10","969.7","29.36"
"01/31/2023","10","977.2","30.09"
"01/31/2023","10","997.2","30.38"
"01/31/2023","10","1004.7","30.53"
"01/31/2023","10","1020.7","30.92"
"01/31/2023","10","1040.7","31.2"
"01/31/2023","10","1050.7","31.44"
"01/31/2023","10","1070.7","31.79"
"01/31/2023","10","1090.7","31.88"
"01/31/2023","10","1104.7","32.22"
"01/31/2023","10","1116.7","32.34"
"01/31/2023","10","1136.7","33.11"
"01/31/2023","10","1150.7","33.34"
"01/31/2023","10","1165.7","33.56"
"01/31/2023","10","1185.7","33.67"
"01/31/2023","10","1205.7","33.83"
"01/31/2023","10","1225.7","33.94"
"01/31/2023","10","1239.7","33.99"
"01/31/2023","10","1251.7","34.07"
"01/31/2023","10","1263.7","34.17"
"01/31/2023","10","1278.7","34.23"
"01/31/2023","10","1293.7","34.33"
"01/31/2023","10","1305.7","34.4"
"01/31/2023","10","1320.7","34.94"
"01/31/2023","10","1340.7","35.39"
"01/31/2023","10","1356.7","35.6"
"01/31/2023","10","1371.7","36.89"
"01/31/2023","10","1373.2","40.35"
"01/31/2023","10","1383.2","60"
"01/31/2023","10","1393.2","75"
"01/31/2023","10","1431.3","100"
"01/31/2023","10","1449.6","130"
"01/31/2023","10","1474","182"
"01/31/2023","10","1496","2000"
"01/31/2023","11","42","0"
"01/31/2023","11","52",".01"
"01/31/2023","11","103",".99"
"01/31/2023","11","125.5","1.4"
"01/31/2023","11","176.5","1.48"
"01/31/2023","11","200.5","1.7"
"01/31/2023","11","215.5","1.8"
"01/31/2023","11","233","1.95"
"01/31/2023","11","284","1.99"
"01/31/2023","11","302.2","2"
"01/31/2023","11","314.2","2.21"
"01/31/2023","11","322.2","2.71"
"01/31/2023","11","332.2","2.8"
"01/31/2023","11","412.2","2.95"
"01/31/2023","11","419.7","2.98"
"01/31/2023","11","489.7","3"
"01/31/2023","11","534.7","3.39"
"01/31/2023","11","571.7","3.97"
"01/31/2023","11","581.7","4"
"01/31/2023","11","605.7","4.15"
"01/31/2023","11","620.7","4.35"
"01/31/2023","11","643.2","4.6"
"01/31/2023","11","703.2","4.69"
"01/31/2023","11","718.2","6.12"
"01/31/2023","11","733.2","6.36"
"01/31/2023","11","748.2","6.53"
"01/31/2023","11","793.2","6.69"
"01/31/2023","11","816.2","6.97"
"01/31/2023","11","829.2","7.95"
"01/31/2023","11","859.2","8"
"01/31/2023","11","866.7","8.3"
"01/31/2023","11","866.8","8.48"
"01/31/2023","11","881.7","8.56"
"01/31/2023","11","901.7","10"
"01/31/2023","11","925.7","10.15"
"01/31/2023","11","930.7","11.63"
"01/31/2023","11","954.7","16.15"
"01/31/2023","11","965.7","20"
"01/31/2023","11","984.7","24.15"
"01/31/2023","11","989.7","25"
"01/31/2023","11","997.2","30.87"
"01/31/2023","11","1004.7","32.41"
"01/31/2023","11","1012.2","33.15"
"01/31/2023","11","1032.2","33.23"
"01/31/2023","11","1039.7","33.6"
"01/31/2023","11","1055.7","33.77"
"01/31/2023","11","1075.7","34.06"
"01/31/2023","11","1085.7","34.3"
"01/31/2023","11","1105.7","34.67"
"01/31/2023","11","1125.7","34.76"
"01/31/2023","11","1139.7","35.1"
"01/31/2023","11","1151.7","35.22"
"01/31/2023","11","1153.2","35.58"
"01/31/2023","11","1173.2","36.02"
"01/31/2023","11","1187.2","36.25"
"01/31/2023","11","1202.2","36.47"
"01/31/2023","11","1222.2","36.59"
"01/31/2023","11","1242.2","36.75"
"01/31/2023","11","1262.2","36.86"
"01/31/2023","11","1276.2","36.91"
"01/31/2023","11","1288.2","36.99"
"01/31/2023","11","1300.2","37.09"
"01/31/2023","11","1315.2","37.15"
"01/31/2023","11","1330.2","37.26"
"01/31/2023","11","1342.2","37.33"
"01/31/2023","11","1357.2","37.88"
"01/31/2023","11","1377.2","38.34"
"01/31/2023","11","1393.2","38.56"
"01/31/2023","11","1408.2","39.87"
"01/31/2023","11","1418.2","60"
"01/31/2023","11","1428.2","75"
"01/31/2023","11","1466.7","100"
"01/31/2023","11","1485","130"
"01/31/2023","11","1509.4","182"
"01/31/2023","11","1531.4","2000"
"01/31/2023","12","44","0"
"01/31/2023","12","54",".01"
"01/31/2023","12","105",".99"
"01/31/2023","12","127.5","1.4"
"01/31/2023","12","178.5","1.48"
"01/31/2023","12","202.5","1.7"
"01/31/2023","12","217.5","1.8"
"01/31/2023","12","235","1.95"
"01/31/2023","12","286","1.99"
"01/31/2023","12","304.2","2"
"01/31/2023","12","316.2","2.21"
"01/31/2023","12","323.7","2.26"
"01/31/2023","12","331.7","2.71"
"01/31/2023","12","341.7","2.8"
"01/31/2023","12","411.7","3"
"01/31/2023","12","491.7","3.03"
"01/31/2023","12","536.7","3.39"
"01/31/2023","12","551.7","3.48"
"01/31/2023","12","574.2","3.72"
"01/31/2023","12","611.2","3.97"
"01/31/2023","12","621.2","4"
"01/31/2023","12","621.3","4.01"
"01/31/2023","12","636.2","4.04"
"01/31/2023","12","660.2","4.15"
"01/31/2023","12","720.2","4.69"
"01/31/2023","12","735.2","5.11"
"01/31/2023","12","750.2","5.33"
"01/31/2023","12","765.2","5.49"
"01/31/2023","12","810.2","6.69"
"01/31/2023","12","833.2","6.97"
"01/31/2023","12","840.7","7.11"
"01/31/2023","12","853.7","7.95"
"01/31/2023","12","883.7","8"
"01/31/2023","12","903.7","9.94"
"01/31/2023","12","927.7","10.15"
"01/31/2023","12","937.7","11.63"
"01/31/2023","12","961.7","16.15"
"01/31/2023","12","972.7","20"
"01/31/2023","12","991.7","24.15"
"01/31/2023","12","993.2","24.59"
"01/31/2023","12","1000.7","24.89"
"01/31/2023","12","1005.7","25"
"01/31/2023","12","1013.2","26.3"
"01/31/2023","12","1033.2","26.77"
"01/31/2023","12","1040.7","26.97"
"01/31/2023","12","1056.7","27.32"
"01/31/2023","12","1064.2","27.38"
"01/31/2023","12","1084.2","27.54"
"01/31/2023","12","1094.2","27.78"
"01/31/2023","12","1114.2","28.1"
"01/31/2023","12","1134.2","28.18"
"01/31/2023","12","1148.2","28.53"
"01/31/2023","12","1160.2","28.64"
"01/31/2023","12","1180.2","29.35"
"01/31/2023","12","1194.2","29.57"
"01/31/2023","12","1209.2","29.76"
"01/31/2023","12","1229.2","29.87"
"01/31/2023","12","1249.2","30.02"
"01/31/2023","12","1269.2","30.12"
"01/31/2023","12","1283.2","30.19"
"01/31/2023","12","1295.2","30.26"
"01/31/2023","12","1307.2","30.35"
"01/31/2023","12","1322.2","30.39"
"01/31/2023","12","1337.2","30.5"
"01/31/2023","12","1349.2","30.56"
"01/31/2023","12","1364.2","31.06"
"01/31/2023","12","1384.2","31.49"
"01/31/2023","12","1400.2","31.7"
"01/31/2023","12","1415.2","32.9"
"01/31/2023","12","1425.2","60"
"01/31/2023","12","1435.2","75"
"01/31/2023","12","1470.9","100"
"01/31/2023","12","1488.9","130"
"01/31/2023","12","1512.9","182"
"01/31/2023","12","1534.9","2000"
"01/31/2023","13","44","0"
"01/31/2023","13","54",".01"
"01/31/2023","13","105",".98"
"01/31/2023","13","127.5","1.4"
"01/31/2023","13","178.5","1.48"
"01/31/2023","13","193.5","1.54"
"01/31/2023","13","217.5","1.7"
"01/31/2023","13","232.5","1.8"
"01/31/2023","13","250","1.95"
"01/31/2023","13","301","1.99"
"01/31/2023","13","319.2","2"
"01/31/2023","13","331.2","2.21"
"01/31/2023","13","338.7","2.55"
"01/31/2023","13","346.7","2.71"
"01/31/2023","13","356.7","2.8"
"01/31/2023","13","436.7","2.96"
"01/31/2023","13","473.7","2.97"
"01/31/2023","13","518.7","3.39"
"01/31/2023","13","533.7","3.74"
"01/31/2023","13","556.2","3.96"
"01/31/2023","13","579.2","3.97"
"01/31/2023","13","589.2","4"
"01/31/2023","13","613.2","4.15"
"01/31/2023","13","673.2","4.69"
"01/31/2023","13","688.2","5.3"
"01/31/2023","13","703.2","5.52"
"01/31/2023","13","718.2","5.66"
"01/31/2023","13","763.2","6.69"
"01/31/2023","13","770.7","7.24"
"01/31/2023","13","783.7","7.95"
"01/31/2023","13","813.7","8"
"01/31/2023","13","833.7","9.96"
"01/31/2023","13","857.7","10.15"
"01/31/2023","13","952.7","11.25"
"01/31/2023","13","957.7","11.63"
"01/31/2023","13","959.2","13.77"
"01/31/2023","13","983.2","16.15"
"01/31/2023","13","994.2","20"
"01/31/2023","13","1001.7","21.32"
"01/31/2023","13","1009.2","22.67"
"01/31/2023","13","1029.2","22.9"
"01/31/2023","13","1036.7","23.31"
"01/31/2023","13","1052.7","23.44"
"01/31/2023","13","1072.7","23.64"
"01/31/2023","13","1080.2","23.7"
"01/31/2023","13","1090.2","23.88"
"01/31/2023","13","1109.2","24.15"
"01/31/2023","13","1129.2","24.17"
"01/31/2023","13","1149.2","24.25"
"01/31/2023","13","1163.2","24.6"
"01/31/2023","13","1175.2","24.71"
"01/31/2023","13","1180.2","25"
"01/31/2023","13","1200.2","25.37"
"01/31/2023","13","1214.2","25.6"
"01/31/2023","13","1229.2","25.77"
"01/31/2023","13","1249.2","25.87"
"01/31/2023","13","1269.2","26.02"
"01/31/2023","13","1289.2","26.11"
"01/31/2023","13","1303.2","26.19"
"01/31/2023","13","1315.2","26.26"
"01/31/2023","13","1327.2","26.34"
"01/31/2023","13","1342.2","26.37"
"01/31/2023","13","1357.2","26.48"
"01/31/2023","13","1369.2","26.53"
"01/31/2023","13","1384.2","27.02"
"01/31/2023","13","1404.2","27.42"
"01/31/2023","13","1420.2","27.64"
"01/31/2023","13","1435.2","28.78"
"01/31/2023","13","1445.2","75"
"01/31/2023","13","1482.2","100"
"01/31/2023","13","1500.2","130"
"01/31/2023","13","1524.2","182"
"01/31/2023","13","1546.2","2000"
"01/31/2023","13","1546.3","5000"
"01/31/2023","14","44","0"
"01/31/2023","14","54",".01"
"01/31/2023","14","105",".98"
"01/31/2023","14","127.5","1.4"
"01/31/2023","14","178.5","1.48"
"01/31/2023","14","202.5","1.7"
"01/31/2023","14","217.5","1.8"
"01/31/2023","14","235","1.95"
"01/31/2023","14","286","1.99"
"01/31/2023","14","304.2","2"
"01/31/2023","14","316.2","2.21"
"01/31/2023","14","323.7","2.34"
"01/31/2023","14","331.7","2.71"
"01/31/2023","14","341.7","2.8"
"01/31/2023","14","458.7","2.97"
"01/31/2023","14","503.7","3.39"
"01/31/2023","14","518.7","3.61"
"01/31/2023","14","541.2","3.87"
"01/31/2023","14","564.2","3.97"
"01/31/2023","14","574.2","4"
"01/31/2023","14","598.2","4.15"
"01/31/2023","14","658.2","4.69"
"01/31/2023","14","673.2","5.33"
"01/31/2023","14","673.3","5.44"
"01/31/2023","14","688.2","5.45"
"01/31/2023","14","703.2","5.56"
"01/31/2023","14","718.2","5.73"
"01/31/2023","14","763.2","6.69"
"01/31/2023","14","770.7","7.39"
"01/31/2023","14","783.7","7.95"
"01/31/2023","14","813.7","8"
"01/31/2023","14","833.7","9.98"
"01/31/2023","14","857.7","10.15"
"01/31/2023","14","859.2","10.51"
"01/31/2023","14","954.2","11.25"
"01/31/2023","14","964.2","11.63"
"01/31/2023","14","988.2","16.15"
"01/31/2023","14","999.2","20"
"01/31/2023","14","1018.2","24.15"
"01/31/2023","14","1023.2","25"
"01/31/2023","14","1030.7","27.72"
"01/31/2023","14","1038.2","29.21"
"01/31/2023","14","1058.2","29.44"
"01/31/2023","14","1065.7","29.93"
"01/31/2023","14","1081.7","29.99"
"01/31/2023","14","1101.7","30.26"
"01/31/2023","14","1109.2","30.36"
"01/31/2023","14","1119.2","30.5"
"01/31/2023","14","1139.2","30.85"
"01/31/2023","14","1159.2","30.93"
"01/31/2023","14","1173.2","31.27"
"01/31/2023","14","1185.2","31.39"
"01/31/2023","14","1205.2","32.15"
"01/31/2023","14","1219.2","32.38"
"01/31/2023","14","1234.2","32.6"
"01/31/2023","14","1254.2","32.71"
"01/31/2023","14","1274.2","32.87"
"01/31/2023","14","1294.2","32.97"
"01/31/2023","14","1308.2","33.03"
"01/31/2023","14","1320.2","33.11"
"01/31/2023","14","1332.2","33.2"
"01/31/2023","14","1347.2","33.26"
"01/31/2023","14","1362.2","33.36"
"01/31/2023","14","1374.2","33.43"
"01/31/2023","14","1389.2","33.97"
"01/31/2023","14","1409.2","34.41"
"01/31/2023","14","1425.2","34.63"
"01/31/2023","14","1440.2","35.9"
"01/31/2023","14","1450.2","75"
"01/31/2023","14","1485","100"
"01/31/2023","14","1503","130"
"01/31/2023","14","1527","182"
"01/31/2023","14","1549","2000"
"01/31/2023","14","1549.1","5000"
"01/31/2023","15","44","0"
"01/31/2023","15","54",".01"
"01/31/2023","15","105",".98"
"01/31/2023","15","127.5","1.4"
"01/31/2023","15","178.5","1.48"
"01/31/2023","15","186","1.55"
"01/31/2023","15","210","1.7"
"01/31/2023","15","225","1.8"
"01/31/2023","15","242.5","1.95"
"01/31/2023","15","293.5","1.99"
"01/31/2023","15","311.7","2"
"01/31/2023","15","323.7","2.21"
"01/31/2023","15","331.7","2.71"
"01/31/2023","15","341.7","2.8"
"01/31/2023","15","356.7","2.82"
"01/31/2023","15","393.7","2.97"
"01/31/2023","15","473.7","2.98"
"01/31/2023","15","496.2","3.12"
"01/31/2023","15","541.2","3.39"
"01/31/2023","15","564.2","3.97"
"01/31/2023","15","574.2","4"
"01/31/2023","15","598.2","4.15"
"01/31/2023","15","613.2","4.64"
"01/31/2023","15","673.2","4.69"
"01/31/2023","15","688.2","4.89"
"01/31/2023","15","703.2","5.06"
"01/31/2023","15","748.2","6.69"
"01/31/2023","15","755.7","6.72"
"01/31/2023","15","755.8","7"
"01/31/2023","15","770.7","7.02"
"01/31/2023","15","783.7","7.95"
"01/31/2023","15","813.7","8"
"01/31/2023","15","833.7","10.02"
"01/31/2023","15","857.7","10.15"
"01/31/2023","15","858.7","10.6"
"01/31/2023","15","953.7","11.25"
"01/31/2023","15","958.7","11.63"
"01/31/2023","15","982.7","16.15"
"01/31/2023","15","988.7","20"
"01/31/2023","15","1007.7","24.15"
"01/31/2023","15","1012.7","25"
"01/31/2023","15","1020.2","30.61"
"01/31/2023","15","1027.7","32.19"
"01/31/2023","15","1047.7","32.43"
"01/31/2023","15","1055.2","32.96"
"01/31/2023","15","1071.2","32.98"
"01/31/2023","15","1091.2","33.29"
"01/31/2023","15","1098.7","33.42"
"01/31/2023","15","1108.7","33.53"
"01/31/2023","15","1128.7","33.92"
"01/31/2023","15","1148.7","34.01"
"01/31/2023","15","1162.7","34.34"
"01/31/2023","15","1174.7","34.47"
"01/31/2023","15","1194.7","35.3"
"01/31/2023","15","1208.7","35.53"
"01/31/2023","15","1223.7","35.76"
"01/31/2023","15","1243.7","35.89"
"01/31/2023","15","1263.7","36.05"
"01/31/2023","15","1283.7","36.16"
"01/31/2023","15","1297.7","36.2"
"01/31/2023","15","1309.7","36.29"
"01/31/2023","15","1321.7","36.39"
"01/31/2023","15","1336.7","36.46"
"01/31/2023","15","1351.7","36.57"
"01/31/2023","15","1363.7","36.65"
"01/31/2023","15","1378.7","37.21"
"01/31/2023","15","1398.7","37.69"
"01/31/2023","15","1414.7","37.9"
"01/31/2023","15","1429.7","39.26"
"01/31/2023","15","1434.7","73.96"
"01/31/2023","15","1444.7","75"
"01/31/2023","15","1481.6","100"
"01/31/2023","15","1499.6","130"
"01/31/2023","15","1523.6","182"
"01/31/2023","15","1545.6","2000"
"01/31/2023","15","1545.7","5000"
"01/31/2023","16","44","0"
"01/31/2023","16","54",".01"
"01/31/2023","16","105",".98"
"01/31/2023","16","127.5","1.4"
"01/31/2023","16","178.5","1.48"
"01/31/2023","16","202.5","1.7"
"01/31/2023","16","210","1.75"
"01/31/2023","16","225","1.8"
"01/31/2023","16","242.5","1.95"
"01/31/2023","16","293.5","1.99"
"01/31/2023","16","311.7","2"
"01/31/2023","16","323.7","2.21"
"01/31/2023","16","331.7","2.71"
"01/31/2023","16","341.7","2.8"
"01/31/2023","16","378.7","2.97"
"01/31/2023","16","473.7","3.04"
"01/31/2023","16","496.2","3.35"
"01/31/2023","16","526.2","3.39"
"01/31/2023","16","549.2","3.97"
"01/31/2023","16","559.2","4"
"01/31/2023","16","583.2","4.15"
"01/31/2023","16","638.2","4.69"
"01/31/2023","16","653.2","4.9"
"01/31/2023","16","668.2","5.16"
"01/31/2023","16","683.2","5.33"
"01/31/2023","16","728.2","6.69"
"01/31/2023","16","735.7","7.03"
"01/31/2023","16","735.8","7.71"
"01/31/2023","16","750.7","7.75"
"01/31/2023","16","763.7","7.95"
"01/31/2023","16","793.7","8"
"01/31/2023","16","817.7","10.15"
"01/31/2023","16","818.7","10.52"
"01/31/2023","16","913.7","11.25"
"01/31/2023","16","933.7","11.38"
"01/31/2023","16","943.7","11.63"
"01/31/2023","16","967.7","16.15"
"01/31/2023","16","973.7","20"
"01/31/2023","16","992.7","24.15"
"01/31/2023","16","997.7","25"
"01/31/2023","16","1005.2","31.76"
"01/31/2023","16","1012.7","33.38"
"01/31/2023","16","1032.7","33.74"
"01/31/2023","16","1040.2","34.16"
"01/31/2023","16","1056.2","34.29"
"01/31/2023","16","1076.2","34.62"
"01/31/2023","16","1083.7","34.64"
"01/31/2023","16","1093.7","34.86"
"01/31/2023","16","1113.7","35.26"
"01/31/2023","16","1133.7","35.36"
"01/31/2023","16","1147.7","35.69"
"01/31/2023","16","1159.7","35.82"
"01/31/2023","16","1179.7","36.67"
"01/31/2023","16","1193.7","36.9"
"01/31/2023","16","1208.7","37.15"
"01/31/2023","16","1228.7","37.28"
"01/31/2023","16","1248.7","37.45"
"01/31/2023","16","1268.7","37.56"
"01/31/2023","16","1282.7","37.59"
"01/31/2023","16","1294.7","37.69"
"01/31/2023","16","1306.7","37.79"
"01/31/2023","16","1321.7","37.86"
"01/31/2023","16","1336.7","37.97"
"01/31/2023","16","1348.7","38.05"
"01/31/2023","16","1363.7","38.63"
"01/31/2023","16","1383.7","39.12"
"01/31/2023","16","1399.7","39.33"
"01/31/2023","16","1414.7","40.72"
"01/31/2023","16","1424.7","75"
"01/31/2023","16","1429.7","87.22"
"01/31/2023","16","1470.9","100"
"01/31/2023","16","1488.9","130"
"01/31/2023","16","1512.9","182"
"01/31/2023","16","1534.9","2000"
"01/31/2023","16","1535","5000"
"01/31/2023","17","42","0"
"01/31/2023","17","52",".01"
"01/31/2023","17","103",".99"
"01/31/2023","17","125.5","1.4"
"01/31/2023","17","149.5","1.7"
"01/31/2023","17","164.5","1.8"
"01/31/2023","17","182","1.95"
"01/31/2023","17","200.2","2"
"01/31/2023","17","212.2","2.21"
"01/31/2023","17","220.2","2.71"
"01/31/2023","17","230.2","2.8"
"01/31/2023","17","310.2","3.02"
"01/31/2023","17","361.2","3.97"
"01/31/2023","17","371.2","4"
"01/31/2023","17","395.2","4.15"
"01/31/2023","17","400.2","6.19"
"01/31/2023","17","415.2","6.69"
"01/31/2023","17","422.7","7.17"
"01/31/2023","17","435.7","7.95"
"01/31/2023","17","465.7","8"
"01/31/2023","17","480.7","8.69"
"01/31/2023","17","485.7","8.78"
"01/31/2023","17","500.7","8.95"
"01/31/2023","17","523.2","9.13"
"01/31/2023","17","547.2","10.15"
"01/31/2023","17","569.7","10.31"
"01/31/2023","17","584.7","10.88"
"01/31/2023","17","599.7","11.15"
"01/31/2023","17","694.7","11.25"
"01/31/2023","17","709.7","11.33"
"01/31/2023","17","729.7","11.35"
"01/31/2023","17","734.7","11.63"
"01/31/2023","17","764.7","12.69"
"01/31/2023","17","815.7","12.97"
"01/31/2023","17","823.2","13.51"
"01/31/2023","17","823.3","16.03"
"01/31/2023","17","847.3","16.15"
"01/31/2023","17","862.2","16.16"
"01/31/2023","17","899.2","16.97"
"01/31/2023","17","900.2","19.21"
"01/31/2023","17","906.2","20"
"01/31/2023","17","936.2","20.69"
"01/31/2023","17","955.2","24.15"
"01/31/2023","17","960.2","25"
"01/31/2023","17","983.2","30.97"
"01/31/2023","17","990.7","40.34"
"01/31/2023","17","998.2","42.02"
"01/31/2023","17","1005.7","42.84"
"01/31/2023","17","1025.7","43.09"
"01/31/2023","17","1033.2","43.34"
"01/31/2023","17","1049.2","43.64"
"01/31/2023","17","1069.2","44"
"01/31/2023","17","1079.2","44.24"
"01/31/2023","17","1099.2","44.67"
"01/31/2023","17","1119.2","44.77"
"01/31/2023","17","1133.2","45.09"
"01/31/2023","17","1145.2","45.23"
"01/31/2023","17","1165.2","46.13"
"01/31/2023","17","1179.2","46.36"
"01/31/2023","17","1194.2","46.62"
"01/31/2023","17","1214.2","46.76"
"01/31/2023","17","1234.2","46.94"
"01/31/2023","17","1254.2","47.05"
"01/31/2023","17","1268.2","47.08"
"01/31/2023","17","1280.2","47.18"
"01/31/2023","17","1292.2","47.28"
"01/31/2023","17","1307.2","47.36"
"01/31/2023","17","1322.2","47.47"
"01/31/2023","17","1334.2","47.56"
"01/31/2023","17","1349.2","48.16"
"01/31/2023","17","1369.2","48.67"
"01/31/2023","17","1385.2","48.88"
"01/31/2023","17","1400.2","50.33"
"01/31/2023","17","1410.2","75"
"01/31/2023","17","1415.2","90.46"
"01/31/2023","17","1463.2","100"
"01/31/2023","17","1481.2","130"
"01/31/2023","17","1505.2","182"
"01/31/2023","17","1527.2","2000"
"01/31/2023","17","1527.3","5000"
"01/31/2023","18","42","0"
"01/31/2023","18","52",".01"
"01/31/2023","18","103",".98"
"01/31/2023","18","154",".99"
"01/31/2023","18","176.5","1.4"
"01/31/2023","18","200.5","1.7"
"01/31/2023","18","215.5","1.8"
"01/31/2023","18","233","1.95"
"01/31/2023","18","251.2","2"
"01/31/2023","18","263.2","2.21"
"01/31/2023","18","271.2","2.71"
"01/31/2023","18","281.2","2.8"
"01/31/2023","18","361.2","3.02"
"01/31/2023","18","403.2","3.97"
"01/31/2023","18","413.2","4"
"01/31/2023","18","418.2","6.19"
"01/31/2023","18","455.2","6.98"
"01/31/2023","18","468.2","7.95"
"01/31/2023","18","498.2","8"
"01/31/2023","18","503.2","8.78"
"01/31/2023","18","598.2","11.25"
"01/31/2023","18","618.2","11.37"
"01/31/2023","18","655.2","11.49"
"01/31/2023","18","660.2","11.63"
"01/31/2023","18","666.2","20"
"01/31/2023","18","690.2","20.45"
"01/31/2023","18","695.2","25"
"01/31/2023","18","719.2","26.45"
"01/31/2023","18","726.7","30.32"
"01/31/2023","18","750.7","32.45"
"01/31/2023","18","773.2","33.5"
"01/31/2023","18","788.2","33.91"
"01/31/2023","18","810.7","34.72"
"01/31/2023","18","825.7","35.9"
"01/31/2023","18","840.7","36.17"
"01/31/2023","18","855.7","36.36"
"01/31/2023","18","863.2","40.36"
"01/31/2023","18","882.2","40.45"
"01/31/2023","18","897.2","44.69"
"01/31/2023","18","917.2","45.69"
"01/31/2023","18","937.2","64.99"
"01/31/2023","18","937.3","68.83"
"01/31/2023","18","952.2","69.39"
"01/31/2023","18","962.2","75"
"01/31/2023","18","982.2","75.69"
"01/31/2023","18","987.2","86.45"
"01/31/2023","18","994.7","89.6"
"01/31/2023","18","1009.7","89.69"
"01/31/2023","18","1017.2","91.34"
"01/31/2023","18","1024.7","92.18"
"01/31/2023","18","1032.2","92.7"
"01/31/2023","18","1052.2","96.7"
"01/31/2023","18","1068.2","97.25"
"01/31/2023","18","1088.2","97.63"
"01/31/2023","18","1098.2","97.87"
"01/31/2023","18","1118.2","98.32"
"01/31/2023","18","1138.2","98.43"
"01/31/2023","18","1152.2","98.75"
"01/31/2023","18","1164.2","98.89"
"01/31/2023","18","1184.2","99.69"
"01/31/2023","18","1204.2","99.82"
"01/31/2023","18","1252.5","100"
"01/31/2023","18","1266.5","100.05"
"01/31/2023","18","1281.5","100.33"
"01/31/2023","18","1301.5","100.47"
"01/31/2023","18","1321.5","100.65"
"01/31/2023","18","1341.5","100.78"
"01/31/2023","18","1355.5","100.79"
"01/31/2023","18","1367.5","100.89"
"01/31/2023","18","1379.5","101.01"
"01/31/2023","18","1394.5","101.09"
"01/31/2023","18","1409.5","101.19"
"01/31/2023","18","1421.5","101.3"
"01/31/2023","18","1436.5","101.91"
"01/31/2023","18","1456.5","102.44"
"01/31/2023","18","1472.5","102.65"
"01/31/2023","18","1487.5","104.15"
"01/31/2023","18","1507.5","115.69"
"01/31/2023","18","1525.8","130"
"01/31/2023","18","1550.2","182"
"01/31/2023","18","1572.2","2000"
"01/31/2023","18","1572.3","5000"
"01/31/2023","19","42","0"
"01/31/2023","19","52",".01"
"01/31/2023","19","103",".48"
"01/31/2023","19","125.5","1.4"
"01/31/2023","19","149.5","1.7"
"01/31/2023","19","164.5","1.8"
"01/31/2023","19","182","1.95"
"01/31/2023","19","200.2","2"
"01/31/2023","19","212.2","2.21"
"01/31/2023","19","220.2","2.71"
"01/31/2023","19","230.2","2.8"
"01/31/2023","19","310.2","2.96"
"01/31/2023","19","380.2","3"
"01/31/2023","19","390.2","4"
"01/31/2023","19","400.2","4.69"
"01/31/2023","19","405.2","6.19"
"01/31/2023","19","415.2","6.69"
"01/31/2023","19","428.2","7.95"
"01/31/2023","19","458.2","8"
"01/31/2023","19","463.2","8.78"
"01/31/2023","19","514.2","8.97"
"01/31/2023","19","534.2","10.02"
"01/31/2023","19","549.2","10.69"
"01/31/2023","19","554.2","11.63"
"01/31/2023","19","561.7","14"
"01/31/2023","19","599.2","16.35"
"01/31/2023","19","650.2","16.97"
"01/31/2023","19","672.7","17.56"
"01/31/2023","19","687.7","18.32"
"01/31/2023","19","702.7","18.59"
"01/31/2023","19","717.7","18.77"
"01/31/2023","19","723.7","20"
"01/31/2023","19","747.7","20.45"
"01/31/2023","19","755.2","21.54"
"01/31/2023","19","760.2","25"
"01/31/2023","19","784.2","26.45"
"01/31/2023","19","808.2","32.45"
"01/31/2023","19","845.2","36.97"
"01/31/2023","19","864.2","40.45"
"01/31/2023","19","884.2","45.69"
"01/31/2023","19","907.2","55.97"
"01/31/2023","19","917.2","60"
"01/31/2023","19","937.2","65.69"
"01/31/2023","19","947.2","75"
"01/31/2023","19","952.2","85.98"
"01/31/2023","19","972.2","99.69"
"01/31/2023","19","1010.9","100"
"01/31/2023","19","1011","119.27"
"01/31/2023","19","1025.9","120.15"
"01/31/2023","19","1044.2","130"
"01/31/2023","19","1051.7","136.53"
"01/31/2023","19","1059.2","138.24"
"01/31/2023","19","1066.7","139.07"
"01/31/2023","19","1074.2","139.59"
"01/31/2023","19","1094.2","146.78"
"01/31/2023","19","1110.2","147.33"
"01/31/2023","19","1130.2","147.7"
"01/31/2023","19","1140.2","147.94"
"01/31/2023","19","1160.2","148.38"
"01/31/2023","19","1180.2","148.49"
"01/31/2023","19","1194.2","148.81"
"01/31/2023","19","1206.2","148.95"
"01/31/2023","19","1226.2","149.86"
"01/31/2023","19","1240.2","150.09"
"01/31/2023","19","1255.2","150.36"
"01/31/2023","19","1275.2","150.5"
"01/31/2023","19","1295.2","150.68"
"01/31/2023","19","1315.2","150.8"
"01/31/2023","19","1329.2","150.82"
"01/31/2023","19","1341.2","150.92"
"01/31/2023","19","1353.2","151.03"
"01/31/2023","19","1368.2","151.12"
"01/31/2023","19","1383.2","151.22"
"01/31/2023","19","1395.2","151.32"
"01/31/2023","19","1410.2","151.92"
"01/31/2023","19","1430.2","152.45"
"01/31/2023","19","1446.2","152.66"
"01/31/2023","19","1461.2","154.13"
"01/31/2023","19","1485.6","182"
"01/31/2023","19","1507.6","2000"
"01/31/2023","20","42","0"
"01/31/2023","20","52",".01"
"01/31/2023","20","103","1.29"
"01/31/2023","20","125.5","1.4"
"01/31/2023","20","167.5","1.49"
"01/31/2023","20","191.5","1.7"
"01/31/2023","20","206.5","1.8"
"01/31/2023","20","224","1.95"
"01/31/2023","20","266","1.99"
"01/31/2023","20","284.2","2"
"01/31/2023","20","296.2","2.21"
"01/31/2023","20","304.2","2.71"
"01/31/2023","20","314.2","2.8"
"01/31/2023","20","394.2","2.99"
"01/31/2023","20","464.2","3"
"01/31/2023","20","474.2","3.69"
"01/31/2023","20","484.2","4"
"01/31/2023","20","491.7","5.49"
"01/31/2023","20","506.7","7.18"
"01/31/2023","20","529.2","7.36"
"01/31/2023","20","542.2","7.95"
"01/31/2023","20","572.2","8"
"01/31/2023","20","594.7","8.51"
"01/31/2023","20","609.7","9.05"
"01/31/2023","20","624.7","9.31"
"01/31/2023","20","639.7","9.49"
"01/31/2023","20","659.7","10.02"
"01/31/2023","20","669.7","10.69"
"01/31/2023","20","677.2","11.58"
"01/31/2023","20","687.2","11.63"
"01/31/2023","20","733.2","16.97"
"01/31/2023","20","739.2","20"
"01/31/2023","20","763.2","20.45"
"01/31/2023","20","768.2","25"
"01/31/2023","20","792.2","26.45"
"01/31/2023","20","824.2","27.97"
"01/31/2023","20","848.2","32.45"
"01/31/2023","20","867.2","40.45"
"01/31/2023","20","877.2","60"
"01/31/2023","20","887.2","75"
"01/31/2023","20","887.3","87.51"
"01/31/2023","20","902.2","88.19"
"01/31/2023","20","932.9","100"
"01/31/2023","20","940.4","105.28"
"01/31/2023","20","947.9","106.91"
"01/31/2023","20","955.4","107.7"
"01/31/2023","20","962.9","108.18"
"01/31/2023","20","982.9","113.62"
"01/31/2023","20","998.9","114.17"
"01/31/2023","20","1018.9","114.5"
"01/31/2023","20","1028.9","114.74"
"01/31/2023","20","1048.9","115.14"
"01/31/2023","20","1068.9","115.24"
"01/31/2023","20","1082.9","115.57"
"01/31/2023","20","1094.9","115.7"
"01/31/2023","20","1114.9","116.56"
"01/31/2023","20","1128.9","116.79"
"01/31/2023","20","1143.9","117.03"
"01/31/2023","20","1163.9","117.16"
"01/31/2023","20","1183.9","117.33"
"01/31/2023","20","1203.9","117.45"
"01/31/2023","20","1217.9","117.48"
"01/31/2023","20","1229.9","117.57"
"01/31/2023","20","1241.9","117.68"
"01/31/2023","20","1256.9","117.75"
"01/31/2023","20","1271.9","117.86"
"01/31/2023","20","1283.9","117.94"
"01/31/2023","20","1298.9","118.52"
"01/31/2023","20","1318.9","119.01"
"01/31/2023","20","1334.9","119.22"
"01/31/2023","20","1349.9","120.62"
"01/31/2023","20","1368.2","130"
"01/31/2023","20","1373.2","152.18"
"01/31/2023","20","1397.6","182"
"01/31/2023","20","1419.6","2000"
"01/31/2023","21","42","0"
"01/31/2023","21","52",".01"
"01/31/2023","21","103",".79"
"01/31/2023","21","145",".98"
"01/31/2023","21","187","1.29"
"01/31/2023","21","209.5","1.4"
"01/31/2023","21","233.5","1.7"
"01/31/2023","21","279.5","1.79"
"01/31/2023","21","294.5","1.8"
"01/31/2023","21","312","1.95"
"01/31/2023","21","330.2","2"
"01/31/2023","21","342.2","2.21"
"01/31/2023","21","374.2","2.49"
"01/31/2023","21","382.2","2.71"
"01/31/2023","21","392.2","2.8"
"01/31/2023","21","472.2","2.97"
"01/31/2023","21","542.2","3"
"01/31/2023","21","549.7","3.52"
"01/31/2023","21","559.7","3.69"
"01/31/2023","21","569.7","4"
"01/31/2023","21","584.7","5.08"
"01/31/2023","21","607.2","5.31"
"01/31/2023","21","629.7","6.47"
"01/31/2023","21","644.7","6.97"
"01/31/2023","21","659.7","7.23"
"01/31/2023","21","674.7","7.41"
"01/31/2023","21","687.7","7.95"
"01/31/2023","21","717.7","8"
"01/31/2023","21","725.2","9.37"
"01/31/2023","21","745.2","10"
"01/31/2023","21","755.2","10.69"
"01/31/2023","21","760.2","11.63"
"01/31/2023","21","766.2","20"
"01/31/2023","21","790.2","20.45"
"01/31/2023","21","795.2","25"
"01/31/2023","21","819.2","26.45"
"01/31/2023","21","843.2","32.45"
"01/31/2023","21","862.2","40.45"
"01/31/2023","21","862.3","58.56"
"01/31/2023","21","877.2","59.02"
"01/31/2023","21","887.2","60"
"01/31/2023","21","897.2","75"
"01/31/2023","21","904.7","78.86"
"01/31/2023","21","912.2","80.5"
"01/31/2023","21","919.7","81.3"
"01/31/2023","21","927.2","81.79"
"01/31/2023","21","947.2","84.96"
"01/31/2023","21","963.2","85.51"
"01/31/2023","21","983.2","85.84"
"01/31/2023","21","993.2","86.08"
"01/31/2023","21","1013.2","86.5"
"01/31/2023","21","1033.2","86.6"
"01/31/2023","21","1047.2","86.92"
"01/31/2023","21","1059.2","87.05"
"01/31/2023","21","1079.2","87.93"
"01/31/2023","21","1093.2","88.16"
"01/31/2023","21","1108.2","88.41"
"01/31/2023","21","1128.2","88.54"
"01/31/2023","21","1148.2","88.71"
"01/31/2023","21","1168.2","88.83"
"01/31/2023","21","1182.2","88.86"
"01/31/2023","21","1194.2","88.95"
"01/31/2023","21","1206.2","89.06"
"01/31/2023","21","1221.2","89.13"
"01/31/2023","21","1236.2","89.24"
"01/31/2023","21","1248.2","89.33"
"01/31/2023","21","1263.2","89.91"
"01/31/2023","21","1283.2","90.41"
"01/31/2023","21","1299.2","90.62"
"01/31/2023","21","1314.2","92.03"
"01/31/2023","21","1345.2","100"
"01/31/2023","21","1350.2","107.39"
"01/31/2023","21","1368.5","130"
"01/31/2023","21","1392.9","182"
"01/31/2023","21","1414.9","2000"
"01/31/2023","22","42","0"
"01/31/2023","22","52",".01"
"01/31/2023","22","103",".79"
"01/31/2023","22","145",".98"
"01/31/2023","22","187","1.29"
"01/31/2023","22","209.5","1.4"
"01/31/2023","22","233.5","1.7"
"01/31/2023","22","279.5","1.79"
"01/31/2023","22","294.5","1.8"
"01/31/2023","22","312","1.95"
"01/31/2023","22","330.2","2"
"01/31/2023","22","342.2","2.21"
"01/31/2023","22","374.2","2.49"
"01/31/2023","22","381.7","2.56"
"01/31/2023","22","389.7","2.71"
"01/31/2023","22","399.7","2.8"
"01/31/2023","22","479.7","2.98"
"01/31/2023","22","549.7","3"
"01/31/2023","22","559.7","4"
"01/31/2023","22","574.7","4.01"
"01/31/2023","22","597.2","4.28"
"01/31/2023","22","619.7","5.44"
"01/31/2023","22","634.7","5.9"
"01/31/2023","22","649.7","6.16"
"01/31/2023","22","664.7","6.34"
"01/31/2023","22","677.7","7.95"
"01/31/2023","22","707.7","8"
"01/31/2023","22","715.2","8.19"
"01/31/2023","22","739.2","10"
"01/31/2023","22","759.2","10.01"
"01/31/2023","22","769.2","11.63"
"01/31/2023","22","793.2","16"
"01/31/2023","22","799.2","20"
"01/31/2023","22","823.2","22"
"01/31/2023","22","828.2","25"
"01/31/2023","22","828.3","25.64"
"01/31/2023","22","843.2","25.87"
"01/31/2023","22","862.2","30"
"01/31/2023","22","867.2","39.77"
"01/31/2023","22","874.7","48.28"
"01/31/2023","22","882.2","49.93"
"01/31/2023","22","889.7","50.72"
"01/31/2023","22","897.2","51.21"
"01/31/2023","22","917.2","52.09"
"01/31/2023","22","933.2","52.64"
"01/31/2023","22","953.2","52.98"
"01/31/2023","22","963.2","53.22"
"01/31/2023","22","983.2","53.63"
"01/31/2023","22","1003.2","53.73"
"01/31/2023","22","1017.2","54.06"
"01/31/2023","22","1029.2","54.19"
"01/31/2023","22","1049.2","55.06"
"01/31/2023","22","1063.2","55.29"
"01/31/2023","22","1078.2","55.55"
"01/31/2023","22","1098.2","55.68"
"01/31/2023","22","1118.2","55.85"
"01/31/2023","22","1138.2","55.97"
"01/31/2023","22","1152.2","56"
"01/31/2023","22","1164.2","56.09"
"01/31/2023","22","1176.2","56.2"
"01/31/2023","22","1191.2","56.27"
"01/31/2023","22","1206.2","56.38"
"01/31/2023","22","1218.2","56.47"
"01/31/2023","22","1233.2","57.05"
"01/31/2023","22","1253.2","57.55"
"01/31/2023","22","1269.2","57.76"
"01/31/2023","22","1284.2","59.18"
"01/31/2023","22","1294.2","60"
"01/31/2023","22","1304.2","75"
"01/31/2023","22","1331.9","100"
"01/31/2023","22","1350.2","130"
"01/31/2023","22","1374.6","182"
"01/31/2023","22","1396.6","2000"
"01/31/2023","23","42","0"
"01/31/2023","23","52",".01"
"01/31/2023","23","103",".79"
"01/31/2023","23","145",".98"
"01/31/2023","23","187","1.29"
"01/31/2023","23","209.5","1.4"
"01/31/2023","23","217","1.43"
"01/31/2023","23","241","1.7"
"01/31/2023","23","287","1.79"
"01/31/2023","23","302","1.8"
"01/31/2023","23","319.5","1.95"
"01/31/2023","23","337.7","2"
"01/31/2023","23","349.7","2.21"
"01/31/2023","23","381.7","2.49"
"01/31/2023","23","389.7","2.71"
"01/31/2023","23","404.7","2.79"
"01/31/2023","23","414.7","2.8"
"01/31/2023","23","494.7","2.97"
"01/31/2023","23","517.2","3.09"
"01/31/2023","23","527.2","4"
"01/31/2023","23","549.7","4.24"
"01/31/2023","23","564.7","4.67"
"01/31/2023","23","588.7","4.85"
"01/31/2023","23","603.7","4.93"
"01/31/2023","23","608.7","5"
"01/31/2023","23","623.7","5.11"
"01/31/2023","23","631.2","6.86"
"01/31/2023","23","644.2","7.95"
"01/31/2023","23","674.2","8"
"01/31/2023","23","695.2","10"
"01/31/2023","23","715.2","10.01"
"01/31/2023","23","739.2","10.85"
"01/31/2023","23","834.2","11.25"
"01/31/2023","23","839.2","11.63"
"01/31/2023","23","860.2","13"
"01/31/2023","23","867.7","16.04"
"01/31/2023","23","887.7","16.78"
"01/31/2023","23","911.7","16.85"
"01/31/2023","23","927.7","17.33"
"01/31/2023","23","947.7","17.66"
"01/31/2023","23","955.2","17.68"
"01/31/2023","23","965.2","17.9"
"01/31/2023","23","993.2","18.2"
"01/31/2023","23","1013.2","18.31"
"01/31/2023","23","1033.2","18.41"
"01/31/2023","23","1040.7","18.47"
"01/31/2023","23","1054.7","18.74"
"01/31/2023","23","1066.7","18.87"
"01/31/2023","23","1074.2","18.96"
"01/31/2023","23","1094.2","19.74"
"01/31/2023","23","1108.2","19.97"
"01/31/2023","23","1114.2","20"
"01/31/2023","23","1129.2","20.22"
"01/31/2023","23","1149.2","20.35"
"01/31/2023","23","1169.2","20.52"
"01/31/2023","23","1189.2","20.64"
"01/31/2023","23","1203.2","20.67"
"01/31/2023","23","1215.2","20.76"
"01/31/2023","23","1227.2","20.87"
"01/31/2023","23","1242.2","20.94"
"01/31/2023","23","1257.2","21.05"
"01/31/2023","23","1269.2","21.14"
"01/31/2023","23","1284.2","21.71"
"01/31/2023","23","1304.2","22.21"
"01/31/2023","23","1320.2","22.42"
"01/31/2023","23","1335.2","23.83"
"01/31/2023","23","1354.2","24.85"
"01/31/2023","23","1359.2","25"
"01/31/2023","23","1369.2","75"
"01/31/2023","23","1379.7","100"
"01/31/2023","23","1401.7","2000"
"01/31/2023","23","1401.8","5000"
"01/31/2023","24","42","0"
"01/31/2023","24","52",".01"
"01/31/2023","24","59.5",".35"
"01/31/2023","24","110.5",".79"
"01/31/2023","24","125.5",".9"
"01/31/2023","24","167.5",".98"
"01/31/2023","24","190","1.27"
"01/31/2023","24","232","1.29"
"01/31/2023","24","254.5","1.4"
"01/31/2023","24","278.5","1.7"
"01/31/2023","24","324.5","1.79"
"01/31/2023","24","339.5","1.8"
"01/31/2023","24","357","1.95"
"01/31/2023","24","375.2","2"
"01/31/2023","24","387.2","2.21"
"01/31/2023","24","409.7","2.43"
"01/31/2023","24","441.7","2.49"
"01/31/2023","24","449.7","2.71"
"01/31/2023","24","474.7","2.8"
"01/31/2023","24","554.7","3.05"
"01/31/2023","24","569.7","3.06"
"01/31/2023","24","584.7","3.24"
"01/31/2023","24","594.7","4"
"01/31/2023","24","602.2","4.82"
"01/31/2023","24","626.2","4.85"
"01/31/2023","24","631.2","5"
"01/31/2023","24","644.2","7.95"
"01/31/2023","24","674.2","8"
"01/31/2023","24","691.9","10"
"01/31/2023","24","711.9","10.02"
"01/31/2023","24","735.9","10.85"
"01/31/2023","24","830.9","11.25"
"01/31/2023","24","840.9","11.63"
"01/31/2023","24","848.4","12.29"
"01/31/2023","24","868.4","12.7"
"01/31/2023","24","886.1","13"
"01/31/2023","24","902.1","13.24"
"01/31/2023","24","922.1","13.59"
"01/31/2023","24","932.1","13.83"
"01/31/2023","24","939.6","13.94"
"01/31/2023","24","959.6","14.24"
"01/31/2023","24","979.6","14.34"
"01/31/2023","24","993.6","14.67"
"01/31/2023","24","1001.1","14.74"
"01/31/2023","24","1013.1","14.8"
"01/31/2023","24","1020.6","15.24"
"01/31/2023","24","1040.6","15.68"
"01/31/2023","24","1054.6","15.91"
"01/31/2023","24","1069.6","16.16"
"01/31/2023","24","1089.6","16.3"
"01/31/2023","24","1109.6","16.47"
"01/31/2023","24","1129.6","16.59"
"01/31/2023","24","1143.6","16.62"
"01/31/2023","24","1155.6","16.71"
"01/31/2023","24","1167.6","16.82"
"01/31/2023","24","1191.6","16.85"
"01/31/2023","24","1206.6","16.9"
"01/31/2023","24","1221.6","17"
"01/31/2023","24","1233.6","17.09"
"01/31/2023","24","1248.6","17.68"
"01/31/2023","24","1268.6","18.18"
"01/31/2023","24","1292.2","18.2"
"01/31/2023","24","1308.2","18.39"
"01/31/2023","24","1323.2","19.81"
"01/31/2023","24","1329.2","20"
"01/31/2023","24","1348.2","24.85"
"01/31/2023","24","1353.2","25"
"01/31/2023","24","1363.2","75"
"01/31/2023","24","1373.7","100"
"01/31/2023","24","1395.7","2000"
"01/31/2023","24","1395.8","5000"
