"Delivery Date","Hour Ending","MW Offered","REGDN Offer Price"
"02/01/2023","01","56.8","0"
"02/01/2023","01","62.8",".01"
"02/01/2023","01","118.8",".79"
"02/01/2023","01","160.8",".99"
"02/01/2023","01","240.8","1.03"
"02/01/2023","01","282.8","1.29"
"02/01/2023","01","310.8","1.49"
"02/01/2023","01","356.8","1.98"
"02/01/2023","01","359.9","2.14"
"02/01/2023","01","364.9","2.18"
"02/01/2023","01","374.9","2.19"
"02/01/2023","01","379.9","2.2"
"02/01/2023","01","384.9","2.37"
"02/01/2023","01","394.9","2.38"
"02/01/2023","01","399.9","2.39"
"02/01/2023","01","404.9","2.4"
"02/01/2023","01","409.9","2.41"
"02/01/2023","01","414.9","2.42"
"02/01/2023","01","419.9","2.43"
"02/01/2023","01","424.9","2.47"
"02/01/2023","01","429.9","2.48"
"02/01/2023","01","485.9","2.49"
"02/01/2023","01","490.9","2.5"
"02/01/2023","01","505.9","2.6"
"02/01/2023","01","510.9","2.61"
"02/01/2023","01","517.6","2.7"
"02/01/2023","01","520.7","2.75"
"02/01/2023","01","525.7","2.76"
"02/01/2023","01","535.7","2.77"
"02/01/2023","01","540.7","2.78"
"02/01/2023","01","552.4","2.85"
"02/01/2023","01","572.4","2.86"
"02/01/2023","01","587.4","2.87"
"02/01/2023","01","597.4","2.97"
"02/01/2023","01","631.4","2.98"
"02/01/2023","01","636.4","2.99"
"02/01/2023","01","642.7","3"
"02/01/2023","01","650.7","3.11"
"02/01/2023","01","659.7","3.12"
"02/01/2023","01","660.8","3.13"
"02/01/2023","01","675.8","3.22"
"02/01/2023","01","680.8","3.23"
"02/01/2023","01","693.3","3.35"
"02/01/2023","01","699.6","3.4"
"02/01/2023","01","718.4","3.41"
"02/01/2023","01","737.2","3.59"
"02/01/2023","01","746.2","3.64"
"02/01/2023","01","749.7","3.65"
"02/01/2023","01","756","3.68"
"02/01/2023","01","771","3.69"
"02/01/2023","01","777.3","3.71"
"02/01/2023","01","780.4","3.91"
"02/01/2023","01","800.4","5.01"
"02/01/2023","01","822.9","5.69"
"02/01/2023","01","824.9","7"
"02/01/2023","01","834.9","7.01"
"02/01/2023","01","839.9","7.98"
"02/01/2023","01","858.7","8"
"02/01/2023","01","878.7","9.98"
"02/01/2023","01","889.8","10"
"02/01/2023","01","892.3","10.01"
"02/01/2023","01","914.8","10.69"
"02/01/2023","01","927.6","12"
"02/01/2023","01","975","15"
"02/01/2023","01","1025","15.15"
"02/01/2023","01","1049","15.69"
"02/01/2023","01","1061","18.69"
"02/01/2023","01","1062","19.64"
"02/01/2023","01","1067","20"
"02/01/2023","01","1101.5","20.69"
"02/01/2023","01","1102.5","24.64"
"02/01/2023","01","1132.5","33"
"02/01/2023","01","1162.5","35.69"
"02/01/2023","01","1170.5","50"
"02/01/2023","01","1178.5","55"
"02/01/2023","01","1181.5","60"
"02/01/2023","01","1221.5","95.15"
"02/01/2023","01","1236.3","100"
"02/01/2023","01","1238.3","250"
"02/01/2023","01","1250.3","1000"
"02/01/2023","01","1272.3","2000"
"02/01/2023","01","1272.4","5000"
"02/01/2023","02","56.8","0"
"02/01/2023","02","62.8",".01"
"02/01/2023","02","118.8",".79"
"02/01/2023","02","198.8",".98"
"02/01/2023","02","240.8",".99"
"02/01/2023","02","282.8","1.29"
"02/01/2023","02","283.8","1.46"
"02/01/2023","02","285.9","1.47"
"02/01/2023","02","313.9","1.49"
"02/01/2023","02","318.9","1.51"
"02/01/2023","02","323.9","1.52"
"02/01/2023","02","328.9","1.53"
"02/01/2023","02","333.9","1.54"
"02/01/2023","02","338.9","1.72"
"02/01/2023","02","343.9","1.73"
"02/01/2023","02","353.9","1.74"
"02/01/2023","02","358.9","1.75"
"02/01/2023","02","363.9","1.76"
"02/01/2023","02","368.9","1.78"
"02/01/2023","02","373.9","1.79"
"02/01/2023","02","383.9","1.84"
"02/01/2023","02","388.9","1.85"
"02/01/2023","02","393.9","1.86"
"02/01/2023","02","403.9","1.97"
"02/01/2023","02","454.9","1.98"
"02/01/2023","02","459.9","1.99"
"02/01/2023","02","466.6","2.08"
"02/01/2023","02","469.7","2.14"
"02/01/2023","02","479.7","2.16"
"02/01/2023","02","489.7","2.17"
"02/01/2023","02","501.4","2.25"
"02/01/2023","02","511.4","2.26"
"02/01/2023","02","531.4","2.27"
"02/01/2023","02","536.4","2.28"
"02/01/2023","02","541.4","2.38"
"02/01/2023","02","554.4","2.39"
"02/01/2023","02","571.4","2.4"
"02/01/2023","02","577.7","2.42"
"02/01/2023","02","628.7","2.49"
"02/01/2023","02","636.7","2.54"
"02/01/2023","02","644.7","2.55"
"02/01/2023","02","646.8","2.56"
"02/01/2023","02","656.8","2.66"
"02/01/2023","02","666.8","2.67"
"02/01/2023","02","679.3","2.81"
"02/01/2023","02","685.6","2.86"
"02/01/2023","02","704.4","2.87"
"02/01/2023","02","718.4","2.98"
"02/01/2023","02","733.4","3.07"
"02/01/2023","02","737.2","3.08"
"02/01/2023","02","749.7","3.13"
"02/01/2023","02","756","3.17"
"02/01/2023","02","762.3","3.2"
"02/01/2023","02","765.4","3.42"
"02/01/2023","02","780.4","3.69"
"02/01/2023","02","800.4","5.01"
"02/01/2023","02","822.9","5.69"
"02/01/2023","02","824.9","7"
"02/01/2023","02","834.9","7.01"
"02/01/2023","02","839.9","7.98"
"02/01/2023","02","858.7","8"
"02/01/2023","02","878.7","9.95"
"02/01/2023","02","889.8","10"
"02/01/2023","02","892.3","10.01"
"02/01/2023","02","914.8","10.69"
"02/01/2023","02","927.6","12"
"02/01/2023","02","975","15"
"02/01/2023","02","1025","15.15"
"02/01/2023","02","1049","15.69"
"02/01/2023","02","1061","18.69"
"02/01/2023","02","1062","19.87"
"02/01/2023","02","1067","20"
"02/01/2023","02","1101.5","20.69"
"02/01/2023","02","1102.5","24.87"
"02/01/2023","02","1132.5","33"
"02/01/2023","02","1162.5","35.69"
"02/01/2023","02","1170.5","41.76"
"02/01/2023","02","1178.5","46.76"
"02/01/2023","02","1181.5","51.76"
"02/01/2023","02","1221.5","95.15"
"02/01/2023","02","1233.8","100"
"02/01/2023","02","1235.8","250"
"02/01/2023","02","1247.8","1000"
"02/01/2023","02","1269.8","2000"
"02/01/2023","02","1269.9","5000"
"02/01/2023","03","56.8","0"
"02/01/2023","03","62.8",".01"
"02/01/2023","03","118.8",".79"
"02/01/2023","03","120.8",".91"
"02/01/2023","03","121.9",".92"
"02/01/2023","03","126.9",".94"
"02/01/2023","03","136.9",".95"
"02/01/2023","03","141.9",".96"
"02/01/2023","03","263.9",".99"
"02/01/2023","03","278.9","1.1"
"02/01/2023","03","283.9","1.11"
"02/01/2023","03","293.9","1.12"
"02/01/2023","03","298.9","1.13"
"02/01/2023","03","303.9","1.14"
"02/01/2023","03","313.9","1.18"
"02/01/2023","03","323.9","1.19"
"02/01/2023","03","328.9","1.27"
"02/01/2023","03","343.9","1.28"
"02/01/2023","03","385.9","1.29"
"02/01/2023","03","392.6","1.36"
"02/01/2023","03","395.7","1.4"
"02/01/2023","03","410.7","1.41"
"02/01/2023","03","415.7","1.42"
"02/01/2023","03","442.4","1.48"
"02/01/2023","03","490.4","1.49"
"02/01/2023","03","500.4","1.57"
"02/01/2023","03","525.4","1.58"
"02/01/2023","03","531.7","1.6"
"02/01/2023","03","548.7","1.69"
"02/01/2023","03","549.8","1.7"
"02/01/2023","03","569.8","1.77"
"02/01/2023","03","575.8","1.87"
"02/01/2023","03","582.3","1.88"
"02/01/2023","03","588.6","1.91"
"02/01/2023","03","607.4","1.92"
"02/01/2023","03","653.4","1.98"
"02/01/2023","03","668.4","2.06"
"02/01/2023","03","672.2","2.07"
"02/01/2023","03","684.7","2.11"
"02/01/2023","03","691","2.13"
"02/01/2023","03","697.3","2.16"
"02/01/2023","03","700.4","2.32"
"02/01/2023","03","751.4","2.49"
"02/01/2023","03","765.4","2.98"
"02/01/2023","03","780.4","3.69"
"02/01/2023","03","800.4","5.01"
"02/01/2023","03","822.9","5.69"
"02/01/2023","03","824.9","7"
"02/01/2023","03","834.9","7.01"
"02/01/2023","03","839.9","7.98"
"02/01/2023","03","858.7","8"
"02/01/2023","03","878.7","9.94"
"02/01/2023","03","889.8","10"
"02/01/2023","03","892.3","10.01"
"02/01/2023","03","914.8","10.69"
"02/01/2023","03","927.6","12"
"02/01/2023","03","975","15"
"02/01/2023","03","1025","15.15"
"02/01/2023","03","1049","15.69"
"02/01/2023","03","1061","18.69"
"02/01/2023","03","1066","20"
"02/01/2023","03","1100.5","20.69"
"02/01/2023","03","1101.5","25.64"
"02/01/2023","03","1102.5","30.64"
"02/01/2023","03","1132.5","33"
"02/01/2023","03","1162.5","35.69"
"02/01/2023","03","1170.5","40.47"
"02/01/2023","03","1178.5","45.47"
"02/01/2023","03","1181.5","50.47"
"02/01/2023","03","1221.5","95.15"
"02/01/2023","03","1233.3","100"
"02/01/2023","03","1235.3","250"
"02/01/2023","03","1247.3","1000"
"02/01/2023","03","1269.3","2000"
"02/01/2023","03","1269.4","5000"
"02/01/2023","04","56.8","0"
"02/01/2023","04","62.8",".01"
"02/01/2023","04","118.8",".79"
"02/01/2023","04","160.8",".99"
"02/01/2023","04","240.8","1"
"02/01/2023","04","243.9","1.08"
"02/01/2023","04","248.9","1.11"
"02/01/2023","04","258.9","1.12"
"02/01/2023","04","263.9","1.13"
"02/01/2023","04","273.9","1.27"
"02/01/2023","04","283.9","1.28"
"02/01/2023","04","330.9","1.29"
"02/01/2023","04","340.9","1.3"
"02/01/2023","04","345.9","1.31"
"02/01/2023","04","350.9","1.35"
"02/01/2023","04","360.9","1.36"
"02/01/2023","04","365.9","1.37"
"02/01/2023","04","370.9","1.45"
"02/01/2023","04","385.9","1.46"
"02/01/2023","04","413.9","1.49"
"02/01/2023","04","420.6","1.54"
"02/01/2023","04","423.7","1.58"
"02/01/2023","04","433.7","1.59"
"02/01/2023","04","443.7","1.6"
"02/01/2023","04","455.4","1.66"
"02/01/2023","04","480.4","1.67"
"02/01/2023","04","490.4","1.68"
"02/01/2023","04","500.4","1.76"
"02/01/2023","04","525.4","1.77"
"02/01/2023","04","531.7","1.79"
"02/01/2023","04","546.7","1.88"
"02/01/2023","04","549.8","1.89"
"02/01/2023","04","554.8","1.96"
"02/01/2023","04","569.8","1.97"
"02/01/2023","04","615.8","1.98"
"02/01/2023","04","628.3","2.08"
"02/01/2023","04","653.4","2.12"
"02/01/2023","04","672.2","2.27"
"02/01/2023","04","684.7","2.32"
"02/01/2023","04","688.7","2.34"
"02/01/2023","04","691","2.35"
"02/01/2023","04","697.3","2.37"
"02/01/2023","04","748.3","2.49"
"02/01/2023","04","751.4","2.53"
"02/01/2023","04","765.4","2.98"
"02/01/2023","04","780.4","3.69"
"02/01/2023","04","800.4","5.01"
"02/01/2023","04","822.9","5.69"
"02/01/2023","04","824.9","7"
"02/01/2023","04","834.9","7.01"
"02/01/2023","04","839.9","7.98"
"02/01/2023","04","858.7","8"
"02/01/2023","04","878.7","9.96"
"02/01/2023","04","889.8","10"
"02/01/2023","04","892.3","10.01"
"02/01/2023","04","914.8","10.69"
"02/01/2023","04","927.6","12"
"02/01/2023","04","975","15"
"02/01/2023","04","1025","15.15"
"02/01/2023","04","1049","15.69"
"02/01/2023","04","1061","18.69"
"02/01/2023","04","1066","20"
"02/01/2023","04","1100.5","20.69"
"02/01/2023","04","1101.5","32.81"
"02/01/2023","04","1131.5","33"
"02/01/2023","04","1161.5","35.69"
"02/01/2023","04","1162.5","37.81"
"02/01/2023","04","1170.5","40.86"
"02/01/2023","04","1178.5","45.86"
"02/01/2023","04","1181.5","50.86"
"02/01/2023","04","1221.5","95.15"
"02/01/2023","04","1231.3","100"
"02/01/2023","04","1233.3","250"
"02/01/2023","04","1245.3","1000"
"02/01/2023","04","1267.3","2000"
"02/01/2023","04","1267.4","5000"
"02/01/2023","05","56.8","0"
"02/01/2023","05","62.8",".01"
"02/01/2023","05","118.8",".79"
"02/01/2023","05","160.8",".99"
"02/01/2023","05","240.8","1.06"
"02/01/2023","05","282.8","1.29"
"02/01/2023","05","310.8","1.49"
"02/01/2023","05","313.9","1.8"
"02/01/2023","05","318.9","1.83"
"02/01/2023","05","323.9","1.84"
"02/01/2023","05","333.9","1.85"
"02/01/2023","05","379.9","1.98"
"02/01/2023","05","389.9","2.02"
"02/01/2023","05","399.9","2.03"
"02/01/2023","05","404.9","2.04"
"02/01/2023","05","409.9","2.05"
"02/01/2023","05","414.9","2.06"
"02/01/2023","05","419.9","2.07"
"02/01/2023","05","424.9","2.11"
"02/01/2023","05","429.9","2.12"
"02/01/2023","05","439.9","2.13"
"02/01/2023","05","449.9","2.23"
"02/01/2023","05","459.9","2.24"
"02/01/2023","05","466.6","2.33"
"02/01/2023","05","469.7","2.38"
"02/01/2023","05","474.7","2.39"
"02/01/2023","05","489.7","2.4"
"02/01/2023","05","496.4","2.47"
"02/01/2023","05","516.4","2.48"
"02/01/2023","05","582.4","2.49"
"02/01/2023","05","587.4","2.5"
"02/01/2023","05","601.4","2.59"
"02/01/2023","05","622.4","2.6"
"02/01/2023","05","628.7","2.62"
"02/01/2023","05","632.7","2.72"
"02/01/2023","05","645.7","2.73"
"02/01/2023","05","646.8","2.74"
"02/01/2023","05","651.8","2.82"
"02/01/2023","05","666.8","2.83"
"02/01/2023","05","679.3","2.95"
"02/01/2023","05","693.3","2.98"
"02/01/2023","05","699.6","3"
"02/01/2023","05","718.4","3.01"
"02/01/2023","05","737.2","3.18"
"02/01/2023","05","749.7","3.23"
"02/01/2023","05","756","3.26"
"02/01/2023","05","762.3","3.29"
"02/01/2023","05","765.4","3.48"
"02/01/2023","05","780.4","3.69"
"02/01/2023","05","800.4","5.01"
"02/01/2023","05","822.9","5.69"
"02/01/2023","05","824.9","7"
"02/01/2023","05","834.9","7.01"
"02/01/2023","05","839.9","7.98"
"02/01/2023","05","849.7","8"
"02/01/2023","05","869.7","9.94"
"02/01/2023","05","880.8","10"
"02/01/2023","05","883.3","10.01"
"02/01/2023","05","905.8","10.69"
"02/01/2023","05","918.6","12"
"02/01/2023","05","966","15"
"02/01/2023","05","1016","15.15"
"02/01/2023","05","1040","15.69"
"02/01/2023","05","1052","18.69"
"02/01/2023","05","1057","20"
"02/01/2023","05","1091.5","20.69"
"02/01/2023","05","1121.5","33"
"02/01/2023","05","1151.5","35.69"
"02/01/2023","05","1152.5","36.38"
"02/01/2023","05","1153.5","41.38"
"02/01/2023","05","1161.5","44.14"
"02/01/2023","05","1169.5","49.14"
"02/01/2023","05","1172.5","54.14"
"02/01/2023","05","1212.5","95.15"
"02/01/2023","05","1228.4","100"
"02/01/2023","05","1230.4","250"
"02/01/2023","05","1242.4","1000"
"02/01/2023","05","1264.4","2000"
"02/01/2023","05","1264.5","5000"
"02/01/2023","06","56.8","0"
"02/01/2023","06","62.8",".01"
"02/01/2023","06","108.8",".97"
"02/01/2023","06","188.8",".99"
"02/01/2023","06","234.8","1.29"
"02/01/2023","06","262.8","1.49"
"02/01/2023","06","304.8","1.99"
"02/01/2023","06","318.8","2.49"
"02/01/2023","06","332.8","2.98"
"02/01/2023","06","347.8","3.69"
"02/01/2023","06","380.8","3.98"
"02/01/2023","06","400.8","5.01"
"02/01/2023","06","423.3","5.69"
"02/01/2023","06","424.3","6.72"
"02/01/2023","06","426.4","6.73"
"02/01/2023","06","431.4","6.78"
"02/01/2023","06","436.4","6.79"
"02/01/2023","06","441.4","6.8"
"02/01/2023","06","446.4","6.82"
"02/01/2023","06","456.4","7.01"
"02/01/2023","06","461.4","7.03"
"02/01/2023","06","466.4","7.04"
"02/01/2023","06","471.4","7.05"
"02/01/2023","06","476.4","7.06"
"02/01/2023","06","481.4","7.07"
"02/01/2023","06","486.4","7.08"
"02/01/2023","06","491.4","7.1"
"02/01/2023","06","496.4","7.11"
"02/01/2023","06","501.4","7.16"
"02/01/2023","06","506.4","7.17"
"02/01/2023","06","511.4","7.19"
"02/01/2023","06","516.4","7.2"
"02/01/2023","06","521.4","7.32"
"02/01/2023","06","531.4","7.33"
"02/01/2023","06","536.4","7.34"
"02/01/2023","06","543.1","7.45"
"02/01/2023","06","546.2","7.52"
"02/01/2023","06","556.2","7.54"
"02/01/2023","06","561.2","7.55"
"02/01/2023","06","566.2","7.56"
"02/01/2023","06","577.9","7.65"
"02/01/2023","06","587.9","7.66"
"02/01/2023","06","597.9","7.67"
"02/01/2023","06","607.9","7.68"
"02/01/2023","06","612.9","7.69"
"02/01/2023","06","617.9","7.8"
"02/01/2023","06","626.9","7.81"
"02/01/2023","06","642.9","7.82"
"02/01/2023","06","647.9","7.83"
"02/01/2023","06","654.2","7.85"
"02/01/2023","06","666.2","7.99"
"02/01/2023","06","680","8"
"02/01/2023","06","682.1","8.01"
"02/01/2023","06","687.1","8.12"
"02/01/2023","06","697.1","8.13"
"02/01/2023","06","702.1","8.14"
"02/01/2023","06","714.6","8.3"
"02/01/2023","06","720.9","8.36"
"02/01/2023","06","725.9","8.37"
"02/01/2023","06","739.7","8.38"
"02/01/2023","06","758.5","8.61"
"02/01/2023","06","771","8.68"
"02/01/2023","06","773","8.72"
"02/01/2023","06","777.3","8.73"
"02/01/2023","06","783.6","8.76"
"02/01/2023","06","786.7","9.02"
"02/01/2023","06","797.8","10"
"02/01/2023","06","800.3","10.01"
"02/01/2023","06","820.3","10.02"
"02/01/2023","06","842.8","10.69"
"02/01/2023","06","855.6","12"
"02/01/2023","06","950.6","15"
"02/01/2023","06","1000.6","15.15"
"02/01/2023","06","1020.6","15.69"
"02/01/2023","06","1030.6","18.69"
"02/01/2023","06","1035.6","20"
"02/01/2023","06","1068.1","20.69"
"02/01/2023","06","1098.1","33"
"02/01/2023","06","1100.1","35"
"02/01/2023","06","1130.1","35.69"
"02/01/2023","06","1131.1","45.34"
"02/01/2023","06","1132.1","50.34"
"02/01/2023","06","1136.1","50.69"
"02/01/2023","06","1144.1","51.15"
"02/01/2023","06","1152.1","56.15"
"02/01/2023","06","1155.1","61.15"
"02/01/2023","06","1195.1","95.15"
"02/01/2023","06","1222.2","100"
"02/01/2023","06","1224.2","100.69"
"02/01/2023","06","1226.2","150.69"
"02/01/2023","06","1228.2","250"
"02/01/2023","06","1240.2","1000"
"02/01/2023","06","1262.2","2000"
"02/01/2023","06","1262.3","5000"
"02/01/2023","07","56.8","0"
"02/01/2023","07","62.8",".01"
"02/01/2023","07","118.8",".98"
"02/01/2023","07","164.8",".99"
"02/01/2023","07","244.8","1.01"
"02/01/2023","07","259.8","3.69"
"02/01/2023","07","301.8","3.97"
"02/01/2023","07","321.8","5.01"
"02/01/2023","07","344.3","5.69"
"02/01/2023","07","386.3","6.98"
"02/01/2023","07","396.3","7.01"
"02/01/2023","07","398.3","8.3"
"02/01/2023","07","399.4","8.31"
"02/01/2023","07","404.4","8.35"
"02/01/2023","07","409.4","8.36"
"02/01/2023","07","414.4","8.38"
"02/01/2023","07","419.4","8.39"
"02/01/2023","07","424.4","8.6"
"02/01/2023","07","429.4","8.61"
"02/01/2023","07","434.4","8.62"
"02/01/2023","07","439.4","8.63"
"02/01/2023","07","444.4","8.64"
"02/01/2023","07","449.4","8.65"
"02/01/2023","07","454.4","8.66"
"02/01/2023","07","459.4","8.68"
"02/01/2023","07","464.4","8.73"
"02/01/2023","07","469.4","8.74"
"02/01/2023","07","474.4","8.75"
"02/01/2023","07","479.4","8.76"
"02/01/2023","07","484.4","8.88"
"02/01/2023","07","489.4","8.89"
"02/01/2023","07","494.4","8.9"
"02/01/2023","07","499.4","8.91"
"02/01/2023","07","506.1","9.01"
"02/01/2023","07","508.1","9.08"
"02/01/2023","07","509.2","9.09"
"02/01/2023","07","514.2","9.1"
"02/01/2023","07","524.2","9.11"
"02/01/2023","07","529.2","9.12"
"02/01/2023","07","535.9","9.21"
"02/01/2023","07","550.9","9.22"
"02/01/2023","07","560.9","9.23"
"02/01/2023","07","570.9","9.24"
"02/01/2023","07","575.9","9.25"
"02/01/2023","07","584.9","9.37"
"02/01/2023","07","597.9","9.38"
"02/01/2023","07","610.9","9.39"
"02/01/2023","07","617.2","9.41"
"02/01/2023","07","629.2","9.55"
"02/01/2023","07","633.2","9.56"
"02/01/2023","07","635.3","9.57"
"02/01/2023","07","640.3","9.68"
"02/01/2023","07","650.3","9.69"
"02/01/2023","07","655.3","9.7"
"02/01/2023","07","667.8","9.86"
"02/01/2023","07","674.1","9.92"
"02/01/2023","07","689.1","9.93"
"02/01/2023","07","692.9","9.94"
"02/01/2023","07","712.9","9.95"
"02/01/2023","07","715.4","10.01"
"02/01/2023","07","720.4","10.16"
"02/01/2023","07","734.2","10.17"
"02/01/2023","07","743.2","10.23"
"02/01/2023","07","746.7","10.24"
"02/01/2023","07","753","10.28"
"02/01/2023","07","755","10.31"
"02/01/2023","07","759.3","10.32"
"02/01/2023","07","762.4","10.57"
"02/01/2023","07","784.9","10.69"
"02/01/2023","07","821.9","11.49"
"02/01/2023","07","831.7","12"
"02/01/2023","07","892.8","15"
"02/01/2023","07","910.6","20"
"02/01/2023","07","933.1","20.69"
"02/01/2023","07","983.1","30.15"
"02/01/2023","07","1013.1","33"
"02/01/2023","07","1015.1","35"
"02/01/2023","07","1045.1","35.69"
"02/01/2023","07","1046.1","47.67"
"02/01/2023","07","1070.1","50.69"
"02/01/2023","07","1071.1","52.67"
"02/01/2023","07","1079.1","56.69"
"02/01/2023","07","1087.1","61.69"
"02/01/2023","07","1090.1","66.69"
"02/01/2023","07","1106","100"
"02/01/2023","07","1118","100.69"
"02/01/2023","07","1158","110.15"
"02/01/2023","07","1170","150.69"
"02/01/2023","07","1172","250"
"02/01/2023","07","1184","1000"
"02/01/2023","07","1206","2000"
"02/01/2023","07","1206.1","5000"
"02/01/2023","08","56.8","0"
"02/01/2023","08","62.8",".01"
"02/01/2023","08","142.8","1.01"
"02/01/2023","08","157.8","3.69"
"02/01/2023","08","177.8","5.01"
"02/01/2023","08","200.3","5.69"
"02/01/2023","08","210.3","7.01"
"02/01/2023","08","211.3","7.52"
"02/01/2023","08","213.4","7.53"
"02/01/2023","08","223.4","7.56"
"02/01/2023","08","233.4","7.57"
"02/01/2023","08","238.4","7.72"
"02/01/2023","08","253.4","7.73"
"02/01/2023","08","258.4","7.74"
"02/01/2023","08","263.4","7.75"
"02/01/2023","08","273.4","7.76"
"02/01/2023","08","283.4","7.81"
"02/01/2023","08","293.4","7.82"
"02/01/2023","08","303.4","7.91"
"02/01/2023","08","313.4","7.92"
"02/01/2023","08","341.4","7.97"
"02/01/2023","08","348.1","8"
"02/01/2023","08","351.2","8.04"
"02/01/2023","08","356.2","8.05"
"02/01/2023","08","371.2","8.06"
"02/01/2023","08","387.9","8.13"
"02/01/2023","08","412.9","8.14"
"02/01/2023","08","417.9","8.15"
"02/01/2023","08","427.9","8.23"
"02/01/2023","08","452.9","8.24"
"02/01/2023","08","459.2","8.26"
"02/01/2023","08","474.2","8.35"
"02/01/2023","08","477.3","8.36"
"02/01/2023","08","492.3","8.44"
"02/01/2023","08","497.3","8.45"
"02/01/2023","08","500.3","8.55"
"02/01/2023","08","509.8","8.56"
"02/01/2023","08","531.1","8.6"
"02/01/2023","08","534.9","8.61"
"02/01/2023","08","553.7","8.76"
"02/01/2023","08","566.2","8.8"
"02/01/2023","08","572.5","8.83"
"02/01/2023","08","578.8","8.86"
"02/01/2023","08","581.9","9.03"
"02/01/2023","08","595.9","9.49"
"02/01/2023","08","615.9","10"
"02/01/2023","08","618.4","10.01"
"02/01/2023","08","640.9","10.69"
"02/01/2023","08","650.7","12"
"02/01/2023","08","664.7","12.49"
"02/01/2023","08","720.7","14.47"
"02/01/2023","08","731.8","15"
"02/01/2023","08","777.8","18.97"
"02/01/2023","08","795.6","20"
"02/01/2023","08","818.1","20.69"
"02/01/2023","08","860.1","26.97"
"02/01/2023","08","910.1","30.15"
"02/01/2023","08","940.1","33"
"02/01/2023","08","942.1","35"
"02/01/2023","08","972.1","35.69"
"02/01/2023","08","1014.1","36.97"
"02/01/2023","08","1015.1","44.87"
"02/01/2023","08","1016.1","49.87"
"02/01/2023","08","1040.1","50.69"
"02/01/2023","08","1077.1","55.97"
"02/01/2023","08","1085.1","56.55"
"02/01/2023","08","1110","60"
"02/01/2023","08","1118","61.55"
"02/01/2023","08","1121","66.55"
"02/01/2023","08","1150.3","100"
"02/01/2023","08","1162.3","100.69"
"02/01/2023","08","1202.3","110.15"
"02/01/2023","08","1214.3","150.69"
"02/01/2023","08","1216.3","250"
"02/01/2023","08","1228.3","1000"
"02/01/2023","08","1250.3","2000"
"02/01/2023","08","1250.4","5000"
"02/01/2023","09","56.8","0"
"02/01/2023","09","62.8",".01"
"02/01/2023","09","142.8","1.04"
"02/01/2023","09","145.9","2.71"
"02/01/2023","09","155.9","2.73"
"02/01/2023","09","165.9","2.74"
"02/01/2023","09","185.9","2.85"
"02/01/2023","09","190.9","2.86"
"02/01/2023","09","205.9","2.87"
"02/01/2023","09","215.9","2.91"
"02/01/2023","09","225.9","2.92"
"02/01/2023","09","230.9","2.98"
"02/01/2023","09","245.9","2.99"
"02/01/2023","09","252.6","3.05"
"02/01/2023","09","255.7","3.08"
"02/01/2023","09","275.7","3.09"
"02/01/2023","09","292.4","3.14"
"02/01/2023","09","322.4","3.15"
"02/01/2023","09","332.4","3.21"
"02/01/2023","09","357.4","3.22"
"02/01/2023","09","363.7","3.23"
"02/01/2023","09","378.7","3.3"
"02/01/2023","09","381.8","3.31"
"02/01/2023","09","386.8","3.36"
"02/01/2023","09","401.8","3.37"
"02/01/2023","09","414.3","3.45"
"02/01/2023","09","439.4","3.48"
"02/01/2023","09","458.2","3.59"
"02/01/2023","09","470.7","3.63"
"02/01/2023","09","477","3.65"
"02/01/2023","09","483.3","3.66"
"02/01/2023","09","498.3","3.69"
"02/01/2023","09","501.4","3.79"
"02/01/2023","09","521.4","5.01"
"02/01/2023","09","543.9","5.69"
"02/01/2023","09","599.9","5.99"
"02/01/2023","09","609.9","7.01"
"02/01/2023","09","637.9","7.97"
"02/01/2023","09","642.9","7.98"
"02/01/2023","09","656.9","9.49"
"02/01/2023","09","676.9","9.98"
"02/01/2023","09","679.4","10.01"
"02/01/2023","09","701.9","10.69"
"02/01/2023","09","711.7","12"
"02/01/2023","09","725.7","12.49"
"02/01/2023","09","771.7","12.97"
"02/01/2023","09","782.8","15"
"02/01/2023","09","828.8","17.97"
"02/01/2023","09","842.8","19.98"
"02/01/2023","09","860.6","20"
"02/01/2023","09","883.1","20.69"
"02/01/2023","09","925.1","26.97"
"02/01/2023","09","939.1","29"
"02/01/2023","09","989.1","30.15"
"02/01/2023","09","1019.1","33"
"02/01/2023","09","1021.1","35"
"02/01/2023","09","1051.1","35.69"
"02/01/2023","09","1084.1","40.97"
"02/01/2023","09","1085.1","45.31"
"02/01/2023","09","1093.1","45.32"
"02/01/2023","09","1100.1","49.99"
"02/01/2023","09","1101.1","50.31"
"02/01/2023","09","1109.1","50.32"
"02/01/2023","09","1133.1","50.69"
"02/01/2023","09","1136.1","55.32"
"02/01/2023","09","1186.1","60"
"02/01/2023","09","1216.1","100"
"02/01/2023","09","1228.1","100.69"
"02/01/2023","09","1268.1","110.15"
"02/01/2023","09","1280.1","150.69"
"02/01/2023","09","1282.1","250"
"02/01/2023","09","1294.1","1000"
"02/01/2023","09","1316.1","2000"
"02/01/2023","09","1316.2","5000"
"02/01/2023","10","51.8","0"
"02/01/2023","10","57.8",".01"
"02/01/2023","10","137.8","1.03"
"02/01/2023","10","183.8","1.49"
"02/01/2023","10","188.8","2.19"
"02/01/2023","10","191.9","3.05"
"02/01/2023","10","196.9","3.09"
"02/01/2023","10","206.9","3.1"
"02/01/2023","10","211.9","3.11"
"02/01/2023","10","221.9","3.21"
"02/01/2023","10","226.9","3.28"
"02/01/2023","10","236.9","3.29"
"02/01/2023","10","241.9","3.3"
"02/01/2023","10","246.9","3.31"
"02/01/2023","10","251.9","3.32"
"02/01/2023","10","256.9","3.33"
"02/01/2023","10","261.9","3.34"
"02/01/2023","10","271.9","3.39"
"02/01/2023","10","276.9","3.4"
"02/01/2023","10","281.9","3.41"
"02/01/2023","10","291.9","3.51"
"02/01/2023","10","301.9","3.52"
"02/01/2023","10","308.6","3.61"
"02/01/2023","10","310.6","3.66"
"02/01/2023","10","311.7","3.67"
"02/01/2023","10","321.7","3.68"
"02/01/2023","10","346.7","3.69"
"02/01/2023","10","353.4","3.76"
"02/01/2023","10","368.4","3.77"
"02/01/2023","10","388.4","3.78"
"02/01/2023","10","393.4","3.79"
"02/01/2023","10","398.4","3.88"
"02/01/2023","10","411.4","3.89"
"02/01/2023","10","428.4","3.9"
"02/01/2023","10","434.7","3.92"
"02/01/2023","10","449.7","4.03"
"02/01/2023","10","452.8","4.04"
"02/01/2023","10","457.8","4.13"
"02/01/2023","10","472.8","4.14"
"02/01/2023","10","485.3","4.27"
"02/01/2023","10","491.6","4.32"
"02/01/2023","10","510.4","4.33"
"02/01/2023","10","529.2","4.51"
"02/01/2023","10","541.7","4.56"
"02/01/2023","10","548","4.6"
"02/01/2023","10","554.3","4.63"
"02/01/2023","10","557.4","4.83"
"02/01/2023","10","577.4","5.01"
"02/01/2023","10","599.9","5.69"
"02/01/2023","10","609.9","7.01"
"02/01/2023","10","683.9","7.97"
"02/01/2023","10","693.9","7.98"
"02/01/2023","10","707.9","9.49"
"02/01/2023","10","730.4","10.01"
"02/01/2023","10","752.9","10.69"
"02/01/2023","10","762.7","12"
"02/01/2023","10","776.7","12.49"
"02/01/2023","10","787.8","15"
"02/01/2023","10","829.8","17.97"
"02/01/2023","10","847.6","20"
"02/01/2023","10","870.1","20.69"
"02/01/2023","10","903.1","27.97"
"02/01/2023","10","953.1","30.15"
"02/01/2023","10","983.1","33"
"02/01/2023","10","985.1","35"
"02/01/2023","10","1015.1","35.69"
"02/01/2023","10","1023.1","38.76"
"02/01/2023","10","1024.1","42.26"
"02/01/2023","10","1032.1","43.76"
"02/01/2023","10","1033.1","47.26"
"02/01/2023","10","1036.1","48.76"
"02/01/2023","10","1060.1","50.69"
"02/01/2023","10","1155.1","60"
"02/01/2023","10","1184.6","100"
"02/01/2023","10","1196.6","100.69"
"02/01/2023","10","1236.6","110.15"
"02/01/2023","10","1248.6","150.69"
"02/01/2023","10","1250.6","250"
"02/01/2023","10","1262.6","1000"
"02/01/2023","10","1284.6","2000"
"02/01/2023","10","1284.7","5000"
"02/01/2023","11","51.8","0"
"02/01/2023","11","57.8",".01"
"02/01/2023","11","137.8","1.02"
"02/01/2023","11","167.8","1.49"
"02/01/2023","11","168.9","1.5"
"02/01/2023","11","173.9","1.52"
"02/01/2023","11","183.9","1.53"
"02/01/2023","11","188.9","1.54"
"02/01/2023","11","193.9","1.67"
"02/01/2023","11","208.9","1.68"
"02/01/2023","11","213.9","1.69"
"02/01/2023","11","223.9","1.7"
"02/01/2023","11","228.9","1.71"
"02/01/2023","11","238.9","1.75"
"02/01/2023","11","248.9","1.76"
"02/01/2023","11","253.9","1.84"
"02/01/2023","11","268.9","1.85"
"02/01/2023","11","275.6","1.92"
"02/01/2023","11","276.6","1.96"
"02/01/2023","11","278.7","1.97"
"02/01/2023","11","298.7","1.98"
"02/01/2023","11","300.7","2"
"02/01/2023","11","312.4","2.04"
"02/01/2023","11","337.4","2.05"
"02/01/2023","11","347.4","2.06"
"02/01/2023","11","352.4","2.13"
"02/01/2023","11","382.4","2.14"
"02/01/2023","11","388.7","2.16"
"02/01/2023","11","405.7","2.25"
"02/01/2023","11","406.8","2.26"
"02/01/2023","11","426.8","2.33"
"02/01/2023","11","439.3","2.43"
"02/01/2023","11","445.6","2.47"
"02/01/2023","11","464.4","2.48"
"02/01/2023","11","483.2","2.62"
"02/01/2023","11","495.7","2.66"
"02/01/2023","11","497.7","2.68"
"02/01/2023","11","502","2.69"
"02/01/2023","11","508.3","2.71"
"02/01/2023","11","564.3","2.79"
"02/01/2023","11","567.4","2.86"
"02/01/2023","11","613.4","3.48"
"02/01/2023","11","628.4","3.69"
"02/01/2023","11","674.4","3.99"
"02/01/2023","11","716.4","4.49"
"02/01/2023","11","738.4","5.01"
"02/01/2023","11","760.9","5.69"
"02/01/2023","11","793.9","6.29"
"02/01/2023","11","804.9","7.01"
"02/01/2023","11","809.9","7.98"
"02/01/2023","11","823.9","9.49"
"02/01/2023","11","843.9","9.97"
"02/01/2023","11","846.4","10.01"
"02/01/2023","11","868.9","10.69"
"02/01/2023","11","878.7","12"
"02/01/2023","11","892.7","12.49"
"02/01/2023","11","903.8","15"
"02/01/2023","11","953.8","15.15"
"02/01/2023","11","971.6","20"
"02/01/2023","11","994.1","20.69"
"02/01/2023","11","1024.1","33"
"02/01/2023","11","1032.1","34.15"
"02/01/2023","11","1034.1","35"
"02/01/2023","11","1064.1","35.69"
"02/01/2023","11","1072.1","39.15"
"02/01/2023","11","1073.1","43.32"
"02/01/2023","11","1076.1","44.15"
"02/01/2023","11","1077.1","48.32"
"02/01/2023","11","1101.1","50.69"
"02/01/2023","11","1196.1","60"
"02/01/2023","11","1236.1","95.15"
"02/01/2023","11","1261.9","100"
"02/01/2023","11","1273.9","100.69"
"02/01/2023","11","1285.9","150.69"
"02/01/2023","11","1287.9","250"
"02/01/2023","11","1299.9","1000"
"02/01/2023","11","1321.9","2000"
"02/01/2023","11","1322","5000"
"02/01/2023","12","56.8","0"
"02/01/2023","12","62.8",".01"
"02/01/2023","12","65.9",".83"
"02/01/2023","12","75.9",".85"
"02/01/2023","12","85.9",".86"
"02/01/2023","12","95.9",".97"
"02/01/2023","12","105.9",".98"
"02/01/2023","12","115.9",".99"
"02/01/2023","12","125.9","1"
"02/01/2023","12","205.9","1.02"
"02/01/2023","12","225.9","1.04"
"02/01/2023","12","235.9","1.11"
"02/01/2023","12","245.9","1.12"
"02/01/2023","12","252.6","1.18"
"02/01/2023","12","255.7","1.21"
"02/01/2023","12","275.7","1.22"
"02/01/2023","12","292.4","1.27"
"02/01/2023","12","322.4","1.28"
"02/01/2023","12","327.4","1.34"
"02/01/2023","12","357.4","1.35"
"02/01/2023","12","363.7","1.37"
"02/01/2023","12","367.7","1.43"
"02/01/2023","12","381.8","1.44"
"02/01/2023","12","427.8","1.48"
"02/01/2023","12","455.8","1.49"
"02/01/2023","12","475.8","1.5"
"02/01/2023","12","488.3","1.58"
"02/01/2023","12","494.6","1.61"
"02/01/2023","12","513.4","1.62"
"02/01/2023","12","532.2","1.73"
"02/01/2023","12","544.7","1.77"
"02/01/2023","12","551","1.79"
"02/01/2023","12","557.3","1.81"
"02/01/2023","12","560.4","1.93"
"02/01/2023","12","606.4","1.99"
"02/01/2023","12","608.4","2"
"02/01/2023","12","622.4","2.49"
"02/01/2023","12","636.4","2.98"
"02/01/2023","12","651.4","3.69"
"02/01/2023","12","693.4","4.97"
"02/01/2023","12","715.4","5.01"
"02/01/2023","12","737.9","5.69"
"02/01/2023","12","775.9","6.97"
"02/01/2023","12","786.9","7.01"
"02/01/2023","12","791.9","7.98"
"02/01/2023","12","811.9","9.98"
"02/01/2023","12","814.4","10.01"
"02/01/2023","12","836.9","10.69"
"02/01/2023","12","846.7","12"
"02/01/2023","12","905.2","15"
"02/01/2023","12","955.2","15.15"
"02/01/2023","12","973","20"
"02/01/2023","12","995.5","20.69"
"02/01/2023","12","1003.5","24.76"
"02/01/2023","12","1011.5","29.76"
"02/01/2023","12","1041.5","33"
"02/01/2023","12","1044.5","34.76"
"02/01/2023","12","1046.5","35"
"02/01/2023","12","1076.5","35.69"
"02/01/2023","12","1077.5","40.74"
"02/01/2023","12","1078.5","45.74"
"02/01/2023","12","1102.5","50.69"
"02/01/2023","12","1142.5","95.15"
"02/01/2023","12","1166.5","100"
"02/01/2023","12","1178.5","100.69"
"02/01/2023","12","1190.5","150.69"
"02/01/2023","12","1192.5","250"
"02/01/2023","12","1204.5","1000"
"02/01/2023","12","1226.5","2000"
"02/01/2023","12","1226.6","5000"
"02/01/2023","13","56.8","0"
"02/01/2023","13","65.9",".01"
"02/01/2023","13","80.9",".04"
"02/01/2023","13","85.9",".05"
"02/01/2023","13","100.9",".17"
"02/01/2023","13","105.9",".18"
"02/01/2023","13","115.9",".19"
"02/01/2023","13","125.9",".2"
"02/01/2023","13","135.9",".24"
"02/01/2023","13","145.9",".25"
"02/01/2023","13","155.9",".32"
"02/01/2023","13","165.9",".33"
"02/01/2023","13","172.6",".39"
"02/01/2023","13","175.7",".43"
"02/01/2023","13","195.7",".44"
"02/01/2023","13","222.4",".5"
"02/01/2023","13","242.4",".51"
"02/01/2023","13","252.4",".58"
"02/01/2023","13","277.4",".59"
"02/01/2023","13","283.7",".6"
"02/01/2023","13","298.7",".68"
"02/01/2023","13","301.8",".69"
"02/01/2023","13","316.8",".75"
"02/01/2023","13","321.8",".76"
"02/01/2023","13","327.8",".84"
"02/01/2023","13","334.3",".85"
"02/01/2023","13","359.4",".88"
"02/01/2023","13","378.2","1.01"
"02/01/2023","13","458.2","1.03"
"02/01/2023","13","470.7","1.05"
"02/01/2023","13","477","1.07"
"02/01/2023","13","483.3","1.09"
"02/01/2023","13","486.4","1.23"
"02/01/2023","13","532.4","1.48"
"02/01/2023","13","560.4","1.49"
"02/01/2023","13","606.4","1.99"
"02/01/2023","13","608.4","2"
"02/01/2023","13","622.4","2.49"
"02/01/2023","13","636.4","2.98"
"02/01/2023","13","651.4","3.69"
"02/01/2023","13","693.4","4.97"
"02/01/2023","13","715.4","5.01"
"02/01/2023","13","737.9","5.69"
"02/01/2023","13","775.9","6.97"
"02/01/2023","13","786.9","7.01"
"02/01/2023","13","791.9","7.98"
"02/01/2023","13","811.9","9.93"
"02/01/2023","13","814.4","10.01"
"02/01/2023","13","836.9","10.69"
"02/01/2023","13","846.7","12"
"02/01/2023","13","947.8","15"
"02/01/2023","13","997.8","15.15"
"02/01/2023","13","1021.8","15.69"
"02/01/2023","13","1033.8","18.69"
"02/01/2023","13","1051.6","20"
"02/01/2023","13","1059.6","20.54"
"02/01/2023","13","1094.1","20.69"
"02/01/2023","13","1102.1","25.54"
"02/01/2023","13","1105.1","30.54"
"02/01/2023","13","1135.1","33"
"02/01/2023","13","1137.1","35"
"02/01/2023","13","1167.1","35.69"
"02/01/2023","13","1168.1","38.86"
"02/01/2023","13","1169.1","43.86"
"02/01/2023","13","1209.1","95.15"
"02/01/2023","13","1233.8","100"
"02/01/2023","13","1235.8","250"
"02/01/2023","13","1247.8","1000"
"02/01/2023","13","1269.8","2000"
"02/01/2023","14","56.8","0"
"02/01/2023","14","165.9",".01"
"02/01/2023","14","172.6",".07"
"02/01/2023","14","173.6",".1"
"02/01/2023","14","175.7",".11"
"02/01/2023","14","195.7",".12"
"02/01/2023","14","222.4",".18"
"02/01/2023","14","242.4",".19"
"02/01/2023","14","247.4",".26"
"02/01/2023","14","277.4",".27"
"02/01/2023","14","283.7",".29"
"02/01/2023","14","298.7",".37"
"02/01/2023","14","301.8",".38"
"02/01/2023","14","321.8",".45"
"02/01/2023","14","334.3",".55"
"02/01/2023","14","340.6",".58"
"02/01/2023","14","359.4",".59"
"02/01/2023","14","378.2",".72"
"02/01/2023","14","390.7",".76"
"02/01/2023","14","397",".79"
"02/01/2023","14","403.3",".81"
"02/01/2023","14","406.4",".95"
"02/01/2023","14","486.4","1"
"02/01/2023","14","532.4","1.48"
"02/01/2023","14","560.4","1.49"
"02/01/2023","14","606.4","1.99"
"02/01/2023","14","608.4","2"
"02/01/2023","14","622.4","2.49"
"02/01/2023","14","636.4","2.98"
"02/01/2023","14","651.4","3.69"
"02/01/2023","14","693.4","4.97"
"02/01/2023","14","715.4","5.01"
"02/01/2023","14","737.9","5.69"
"02/01/2023","14","775.9","6.97"
"02/01/2023","14","786.9","7.01"
"02/01/2023","14","791.9","7.98"
"02/01/2023","14","811.9","9.99"
"02/01/2023","14","814.4","10.01"
"02/01/2023","14","836.9","10.69"
"02/01/2023","14","846.7","12"
"02/01/2023","14","940.3","15"
"02/01/2023","14","990.3","15.15"
"02/01/2023","14","1014.3","15.69"
"02/01/2023","14","1026.3","18.69"
"02/01/2023","14","1044.1","20"
"02/01/2023","14","1078.6","20.69"
"02/01/2023","14","1086.6","21.47"
"02/01/2023","14","1094.6","26.47"
"02/01/2023","14","1097.6","31.47"
"02/01/2023","14","1127.6","33"
"02/01/2023","14","1129.6","35"
"02/01/2023","14","1159.6","35.69"
"02/01/2023","14","1160.6","36.56"
"02/01/2023","14","1161.6","41.56"
"02/01/2023","14","1201.6","95.15"
"02/01/2023","14","1225.2","100"
"02/01/2023","14","1227.2","250"
"02/01/2023","14","1239.2","1000"
"02/01/2023","14","1261.2","2000"
"02/01/2023","15","56.8","0"
"02/01/2023","15","145.9",".01"
"02/01/2023","15","150.9",".12"
"02/01/2023","15","160.9",".13"
"02/01/2023","15","165.9",".14"
"02/01/2023","15","172.6",".23"
"02/01/2023","15","173.6",".28"
"02/01/2023","15","175.7",".29"
"02/01/2023","15","180.7",".3"
"02/01/2023","15","195.7",".31"
"02/01/2023","15","202.4",".39"
"02/01/2023","15","217.4",".4"
"02/01/2023","15","237.4",".41"
"02/01/2023","15","242.4",".42"
"02/01/2023","15","247.4",".52"
"02/01/2023","15","272.4",".53"
"02/01/2023","15","277.4",".54"
"02/01/2023","15","283.7",".56"
"02/01/2023","15","287.7",".67"
"02/01/2023","15","299.7",".68"
"02/01/2023","15","301.8",".69"
"02/01/2023","15","306.8",".78"
"02/01/2023","15","321.8",".79"
"02/01/2023","15","334.3",".93"
"02/01/2023","15","340.6",".98"
"02/01/2023","15","359.4",".99"
"02/01/2023","15","439.4","1.03"
"02/01/2023","15","449.4","1.18"
"02/01/2023","15","458.2","1.19"
"02/01/2023","15","470.7","1.24"
"02/01/2023","15","477","1.28"
"02/01/2023","15","483.3","1.31"
"02/01/2023","15","529.3","1.48"
"02/01/2023","15","557.3","1.49"
"02/01/2023","15","560.4","1.52"
"02/01/2023","15","606.4","1.99"
"02/01/2023","15","608.4","2"
"02/01/2023","15","622.4","2.49"
"02/01/2023","15","636.4","2.98"
"02/01/2023","15","651.4","3.69"
"02/01/2023","15","693.4","4.97"
"02/01/2023","15","715.4","5.01"
"02/01/2023","15","737.9","5.69"
"02/01/2023","15","775.9","6.97"
"02/01/2023","15","786.9","7.01"
"02/01/2023","15","791.9","7.98"
"02/01/2023","15","811.9","9.97"
"02/01/2023","15","814.4","10.01"
"02/01/2023","15","836.9","10.69"
"02/01/2023","15","846.7","12"
"02/01/2023","15","952.8","15"
"02/01/2023","15","1002.8","15.15"
"02/01/2023","15","1026.8","15.69"
"02/01/2023","15","1038.8","18.69"
"02/01/2023","15","1051.6","20"
"02/01/2023","15","1059.6","20.58"
"02/01/2023","15","1094.1","20.69"
"02/01/2023","15","1099.1","23.96"
"02/01/2023","15","1106.1","25.58"
"02/01/2023","15","1107.1","29.16"
"02/01/2023","15","1110.1","30.58"
"02/01/2023","15","1140.1","33"
"02/01/2023","15","1142.1","35"
"02/01/2023","15","1172.1","35.69"
"02/01/2023","15","1173.1","36.23"
"02/01/2023","15","1174.1","41.23"
"02/01/2023","15","1214.1","95.15"
"02/01/2023","15","1236.2","100"
"02/01/2023","15","1238.2","250"
"02/01/2023","15","1250.2","1000"
"02/01/2023","15","1272.2","2000"
"02/01/2023","15","1272.3","5000"
"02/01/2023","16","56.8","0"
"02/01/2023","16","62.8",".01"
"02/01/2023","16","63.8",".03"
"02/01/2023","16","65.9",".04"
"02/01/2023","16","70.9",".08"
"02/01/2023","16","75.9",".09"
"02/01/2023","16","85.9",".1"
"02/01/2023","16","90.9",".29"
"02/01/2023","16","100.9",".3"
"02/01/2023","16","105.9",".31"
"02/01/2023","16","110.9",".32"
"02/01/2023","16","115.9",".33"
"02/01/2023","16","120.9",".34"
"02/01/2023","16","125.9",".35"
"02/01/2023","16","130.9",".4"
"02/01/2023","16","135.9",".41"
"02/01/2023","16","140.9",".42"
"02/01/2023","16","145.9",".43"
"02/01/2023","16","150.9",".53"
"02/01/2023","16","160.9",".54"
"02/01/2023","16","165.9",".55"
"02/01/2023","16","172.6",".64"
"02/01/2023","16","174.6",".7"
"02/01/2023","16","175.7",".71"
"02/01/2023","16","185.7",".72"
"02/01/2023","16","195.7",".73"
"02/01/2023","16","202.4",".81"
"02/01/2023","16","217.4",".82"
"02/01/2023","16","232.4",".83"
"02/01/2023","16","242.4",".84"
"02/01/2023","16","247.4",".94"
"02/01/2023","16","260.4",".95"
"02/01/2023","16","277.4",".96"
"02/01/2023","16","283.7",".98"
"02/01/2023","16","363.7","1.02"
"02/01/2023","16","375.7","1.1"
"02/01/2023","16","380.7","1.11"
"02/01/2023","16","381.8","1.12"
"02/01/2023","16","386.8","1.21"
"02/01/2023","16","396.8","1.22"
"02/01/2023","16","401.8","1.23"
"02/01/2023","16","407.8","1.36"
"02/01/2023","16","414.3","1.37"
"02/01/2023","16","420.6","1.42"
"02/01/2023","16","439.4","1.43"
"02/01/2023","16","485.4","1.48"
"02/01/2023","16","513.4","1.49"
"02/01/2023","16","518.4","1.62"
"02/01/2023","16","532.2","1.63"
"02/01/2023","16","541.2","1.68"
"02/01/2023","16","544.7","1.69"
"02/01/2023","16","551","1.72"
"02/01/2023","16","557.3","1.75"
"02/01/2023","16","560.4","1.97"
"02/01/2023","16","606.4","1.99"
"02/01/2023","16","608.4","2"
"02/01/2023","16","622.4","2.49"
"02/01/2023","16","636.4","2.98"
"02/01/2023","16","651.4","3.69"
"02/01/2023","16","693.4","4.97"
"02/01/2023","16","715.4","5.01"
"02/01/2023","16","737.9","5.69"
"02/01/2023","16","775.9","6.97"
"02/01/2023","16","786.9","7.01"
"02/01/2023","16","791.9","7.98"
"02/01/2023","16","811.9","9.98"
"02/01/2023","16","814.4","10.01"
"02/01/2023","16","836.9","10.69"
"02/01/2023","16","846.7","12"
"02/01/2023","16","942.8","15"
"02/01/2023","16","992.8","15.15"
"02/01/2023","16","1016.8","15.69"
"02/01/2023","16","1028.8","18.69"
"02/01/2023","16","1041.6","20"
"02/01/2023","16","1076.1","20.69"
"02/01/2023","16","1084.1","24.16"
"02/01/2023","16","1092.1","29.16"
"02/01/2023","16","1122.1","33"
"02/01/2023","16","1125.1","34.16"
"02/01/2023","16","1127.1","35"
"02/01/2023","16","1157.1","35.69"
"02/01/2023","16","1162.1","37.22"
"02/01/2023","16","1163.1","39.14"
"02/01/2023","16","1164.1","44.14"
"02/01/2023","16","1169.1","51"
"02/01/2023","16","1209.1","95.15"
"02/01/2023","16","1233.8","100"
"02/01/2023","16","1235.8","250"
"02/01/2023","16","1247.8","1000"
"02/01/2023","16","1269.8","2000"
"02/01/2023","17","51.8","0"
"02/01/2023","17","57.8",".01"
"02/01/2023","17","137.8","1.01"
"02/01/2023","17","165.8","1.49"
"02/01/2023","17","166.8","1.79"
"02/01/2023","17","168.9","1.8"
"02/01/2023","17","173.9","1.84"
"02/01/2023","17","178.9","1.85"
"02/01/2023","17","183.9","1.86"
"02/01/2023","17","188.9","1.87"
"02/01/2023","17","193.9","2.05"
"02/01/2023","17","203.9","2.06"
"02/01/2023","17","208.9","2.07"
"02/01/2023","17","213.9","2.08"
"02/01/2023","17","218.9","2.09"
"02/01/2023","17","223.9","2.1"
"02/01/2023","17","228.9","2.11"
"02/01/2023","17","233.9","2.16"
"02/01/2023","17","238.9","2.17"
"02/01/2023","17","243.9","2.18"
"02/01/2023","17","248.9","2.19"
"02/01/2023","17","253.9","2.29"
"02/01/2023","17","263.9","2.3"
"02/01/2023","17","268.9","2.31"
"02/01/2023","17","275.6","2.4"
"02/01/2023","17","277.6","2.46"
"02/01/2023","17","278.7","2.47"
"02/01/2023","17","288.7","2.48"
"02/01/2023","17","298.7","2.49"
"02/01/2023","17","305.4","2.57"
"02/01/2023","17","320.4","2.58"
"02/01/2023","17","335.4","2.59"
"02/01/2023","17","345.4","2.6"
"02/01/2023","17","350.4","2.7"
"02/01/2023","17","363.4","2.71"
"02/01/2023","17","380.4","2.72"
"02/01/2023","17","386.7","2.74"
"02/01/2023","17","398.7","2.86"
"02/01/2023","17","403.7","2.87"
"02/01/2023","17","404.8","2.88"
"02/01/2023","17","409.8","2.97"
"02/01/2023","17","419.8","2.98"
"02/01/2023","17","424.8","2.99"
"02/01/2023","17","433.8","3.12"
"02/01/2023","17","437.3","3.13"
"02/01/2023","17","448.6","3.18"
"02/01/2023","17","462.4","3.19"
"02/01/2023","17","467.4","3.38"
"02/01/2023","17","481.2","3.39"
"02/01/2023","17","490.2","3.44"
"02/01/2023","17","493.7","3.45"
"02/01/2023","17","500","3.48"
"02/01/2023","17","506.3","3.51"
"02/01/2023","17","521.3","3.69"
"02/01/2023","17","524.4","3.73"
"02/01/2023","17","570.4","3.97"
"02/01/2023","17","590.4","5.01"
"02/01/2023","17","612.9","5.69"
"02/01/2023","17","622.9","7.01"
"02/01/2023","17","636.9","9.49"
"02/01/2023","17","656.9","9.98"
"02/01/2023","17","659.4","10.01"
"02/01/2023","17","681.9","10.69"
"02/01/2023","17","691.7","12"
"02/01/2023","17","705.7","12.49"
"02/01/2023","17","751.7","12.97"
"02/01/2023","17","762.8","15"
"02/01/2023","17","812.8","15.15"
"02/01/2023","17","836.8","15.69"
"02/01/2023","17","878.8","16.97"
"02/01/2023","17","890.8","18.69"
"02/01/2023","17","903.6","20"
"02/01/2023","17","938.1","20.69"
"02/01/2023","17","971.1","30.97"
"02/01/2023","17","1001.1","33"
"02/01/2023","17","1003.1","35"
"02/01/2023","17","1033.1","35.69"
"02/01/2023","17","1041.1","36.5"
"02/01/2023","17","1046.1","40.46"
"02/01/2023","17","1054.1","41.5"
"02/01/2023","17","1057.1","46.5"
"02/01/2023","17","1058.1","48.99"
"02/01/2023","17","1083","51"
"02/01/2023","17","1084","53.99"
"02/01/2023","17","1124","95.15"
"02/01/2023","17","1148.8","100"
"02/01/2023","17","1150.8","250"
"02/01/2023","17","1162.8","1000"
"02/01/2023","17","1184.8","2000"
"02/01/2023","17","1184.9","5000"
"02/01/2023","18","51.8","0"
"02/01/2023","18","57.8",".01"
"02/01/2023","18","137.8","1.02"
"02/01/2023","18","152.8","3.69"
"02/01/2023","18","172.8","5.01"
"02/01/2023","18","218.8","5.49"
"02/01/2023","18","221.9","5.68"
"02/01/2023","18","244.4","5.69"
"02/01/2023","18","249.4","5.71"
"02/01/2023","18","254.4","5.72"
"02/01/2023","18","259.4","5.73"
"02/01/2023","18","264.4","5.74"
"02/01/2023","18","269.4","5.91"
"02/01/2023","18","279.4","5.92"
"02/01/2023","18","284.4","5.93"
"02/01/2023","18","289.4","5.94"
"02/01/2023","18","294.4","5.95"
"02/01/2023","18","299.4","5.96"
"02/01/2023","18","304.4","5.97"
"02/01/2023","18","309.4","6.01"
"02/01/2023","18","314.4","6.02"
"02/01/2023","18","324.4","6.03"
"02/01/2023","18","329.4","6.13"
"02/01/2023","18","339.4","6.14"
"02/01/2023","18","344.4","6.15"
"02/01/2023","18","351.1","6.24"
"02/01/2023","18","354.2","6.29"
"02/01/2023","18","359.2","6.3"
"02/01/2023","18","369.2","6.31"
"02/01/2023","18","374.2","6.32"
"02/01/2023","18","385.9","6.39"
"02/01/2023","18","400.9","6.4"
"02/01/2023","18","415.9","6.41"
"02/01/2023","18","420.9","6.42"
"02/01/2023","18","425.9","6.51"
"02/01/2023","18","450.9","6.52"
"02/01/2023","18","455.9","6.53"
"02/01/2023","18","457.9","6.54"
"02/01/2023","18","462.2","6.55"
"02/01/2023","18","478.2","6.66"
"02/01/2023","18","480.3","6.67"
"02/01/2023","18","490.3","6.76"
"02/01/2023","18","500.3","6.77"
"02/01/2023","18","512.8","6.9"
"02/01/2023","18","529.1","6.95"
"02/01/2023","18","537.9","6.96"
"02/01/2023","18","547.9","7.01"
"02/01/2023","18","566.7","7.14"
"02/01/2023","18","579.2","7.19"
"02/01/2023","18","585.5","7.23"
"02/01/2023","18","589.5","7.25"
"02/01/2023","18","591.8","7.26"
"02/01/2023","18","594.9","7.46"
"02/01/2023","18","636.9","8.97"
"02/01/2023","18","698.9","9.98"
"02/01/2023","18","701.4","10.01"
"02/01/2023","18","723.9","10.69"
"02/01/2023","18","733.7","12"
"02/01/2023","18","770.7","14.49"
"02/01/2023","18","831.8","15"
"02/01/2023","18","844.6","20"
"02/01/2023","18","867.1","20.69"
"02/01/2023","18","917.1","30.15"
"02/01/2023","18","947.1","33"
"02/01/2023","18","949.1","35"
"02/01/2023","18","979.1","35.69"
"02/01/2023","18","984.1","36.45"
"02/01/2023","18","1008.1","50.69"
"02/01/2023","18","1016.1","54.92"
"02/01/2023","18","1024.1","59.92"
"02/01/2023","18","1025.1","60.55"
"02/01/2023","18","1028.1","64.92"
"02/01/2023","18","1029.1","65.55"
"02/01/2023","18","1047.6","100"
"02/01/2023","18","1059.6","100.69"
"02/01/2023","18","1099.6","110.15"
"02/01/2023","18","1111.6","150.69"
"02/01/2023","18","1113.6","250"
"02/01/2023","18","1125.6","1000"
"02/01/2023","18","1147.6","2000"
"02/01/2023","18","1147.7","5000"
"02/01/2023","19","56.8","0"
"02/01/2023","19","62.8",".01"
"02/01/2023","19","142.8",".98"
"02/01/2023","19","157.8","3.69"
"02/01/2023","19","177.8","5.01"
"02/01/2023","19","200.3","5.69"
"02/01/2023","19","202.3","6.91"
"02/01/2023","19","203.4","6.92"
"02/01/2023","19","208.4","6.95"
"02/01/2023","19","213.4","6.96"
"02/01/2023","19","223.4","6.97"
"02/01/2023","19","233.4","7.01"
"02/01/2023","19","243.4","7.15"
"02/01/2023","19","248.4","7.16"
"02/01/2023","19","253.4","7.17"
"02/01/2023","19","258.4","7.18"
"02/01/2023","19","263.4","7.19"
"02/01/2023","19","268.4","7.2"
"02/01/2023","19","273.4","7.21"
"02/01/2023","19","278.4","7.25"
"02/01/2023","19","283.4","7.26"
"02/01/2023","19","288.4","7.27"
"02/01/2023","19","293.4","7.28"
"02/01/2023","19","303.4","7.38"
"02/01/2023","19","313.4","7.39"
"02/01/2023","19","320.1","7.48"
"02/01/2023","19","321.1","7.53"
"02/01/2023","19","323.2","7.54"
"02/01/2023","19","333.2","7.55"
"02/01/2023","19","343.2","7.56"
"02/01/2023","19","354.9","7.64"
"02/01/2023","19","374.9","7.65"
"02/01/2023","19","389.9","7.66"
"02/01/2023","19","394.9","7.76"
"02/01/2023","19","419.9","7.77"
"02/01/2023","19","424.9","7.78"
"02/01/2023","19","428.9","7.79"
"02/01/2023","19","431.2","7.8"
"02/01/2023","19","446.2","7.91"
"02/01/2023","19","449.3","7.92"
"02/01/2023","19","477.3","7.97"
"02/01/2023","19","482.3","8.01"
"02/01/2023","19","497.3","8.02"
"02/01/2023","19","506.3","8.15"
"02/01/2023","19","509.8","8.16"
"02/01/2023","19","516.1","8.2"
"02/01/2023","19","534.9","8.21"
"02/01/2023","19","553.7","8.4"
"02/01/2023","19","566.2","8.45"
"02/01/2023","19","572.5","8.49"
"02/01/2023","19","578.8","8.52"
"02/01/2023","19","581.9","8.72"
"02/01/2023","19","627.9","8.97"
"02/01/2023","19","641.9","9.49"
"02/01/2023","19","661.9","9.94"
"02/01/2023","19","664.4","10.01"
"02/01/2023","19","686.9","10.69"
"02/01/2023","19","696.7","12"
"02/01/2023","19","710.7","12.49"
"02/01/2023","19","721.8","15"
"02/01/2023","19","767.8","16.97"
"02/01/2023","19","780.6","20"
"02/01/2023","19","803.1","20.69"
"02/01/2023","19","853.1","30.15"
"02/01/2023","19","883.1","33"
"02/01/2023","19","885.1","35"
"02/01/2023","19","915.1","35.69"
"02/01/2023","19","920.1","35.98"
"02/01/2023","19","962.1","36.97"
"02/01/2023","19","986.1","50.69"
"02/01/2023","19","994.1","54.25"
"02/01/2023","19","1027.1","55.97"
"02/01/2023","19","1035.1","59.25"
"02/01/2023","19","1060","60"
"02/01/2023","19","1061","61.46"
"02/01/2023","19","1064","64.25"
"02/01/2023","19","1065","66.46"
"02/01/2023","19","1081.4","100"
"02/01/2023","19","1093.4","100.69"
"02/01/2023","19","1133.4","110.15"
"02/01/2023","19","1145.4","150.69"
"02/01/2023","19","1147.4","250"
"02/01/2023","19","1159.4","1000"
"02/01/2023","19","1181.4","2000"
"02/01/2023","19","1181.5","5000"
"02/01/2023","20","56.8","0"
"02/01/2023","20","62.8",".01"
"02/01/2023","20","104.8",".99"
"02/01/2023","20","184.8","1.05"
"02/01/2023","20","226.8","1.49"
"02/01/2023","20","241.8","3.69"
"02/01/2023","20","244.9","4.94"
"02/01/2023","20","249.9","4.97"
"02/01/2023","20","254.9","4.98"
"02/01/2023","20","259.9","4.99"
"02/01/2023","20","264.9","5"
"02/01/2023","20","284.9","5.01"
"02/01/2023","20","289.9","5.16"
"02/01/2023","20","299.9","5.17"
"02/01/2023","20","304.9","5.18"
"02/01/2023","20","309.9","5.19"
"02/01/2023","20","314.9","5.2"
"02/01/2023","20","324.9","5.21"
"02/01/2023","20","329.9","5.26"
"02/01/2023","20","339.9","5.27"
"02/01/2023","20","344.9","5.28"
"02/01/2023","20","354.9","5.38"
"02/01/2023","20","364.9","5.39"
"02/01/2023","20","371.6","5.48"
"02/01/2023","20","374.7","5.53"
"02/01/2023","20","384.7","5.54"
"02/01/2023","20","394.7","5.55"
"02/01/2023","20","401.4","5.62"
"02/01/2023","20","421.4","5.63"
"02/01/2023","20","436.4","5.64"
"02/01/2023","20","441.4","5.65"
"02/01/2023","20","463.9","5.69"
"02/01/2023","20","477.9","5.74"
"02/01/2023","20","498.9","5.75"
"02/01/2023","20","505.2","5.77"
"02/01/2023","20","520.2","5.88"
"02/01/2023","20","523.3","5.89"
"02/01/2023","20","543.3","5.98"
"02/01/2023","20","555.8","6.11"
"02/01/2023","20","562.1","6.15"
"02/01/2023","20","580.9","6.16"
"02/01/2023","20","599.7","6.34"
"02/01/2023","20","612.2","6.39"
"02/01/2023","20","618.5","6.42"
"02/01/2023","20","624.8","6.45"
"02/01/2023","20","627.9","6.64"
"02/01/2023","20","637.9","7.01"
"02/01/2023","20","665.9","7.97"
"02/01/2023","20","670.9","7.98"
"02/01/2023","20","684.9","9.49"
"02/01/2023","20","704.9","10"
"02/01/2023","20","707.4","10.01"
"02/01/2023","20","729.9","10.69"
"02/01/2023","20","739.7","12"
"02/01/2023","20","753.7","12.49"
"02/01/2023","20","764.8","15"
"02/01/2023","20","810.8","15.97"
"02/01/2023","20","823.6","20"
"02/01/2023","20","846.1","20.69"
"02/01/2023","20","896.1","30.15"
"02/01/2023","20","933.1","30.97"
"02/01/2023","20","963.1","33"
"02/01/2023","20","965.1","35"
"02/01/2023","20","995.1","35.69"
"02/01/2023","20","1003.1","41.09"
"02/01/2023","20","1011.1","46.09"
"02/01/2023","20","1035.1","50.69"
"02/01/2023","20","1038.1","51.09"
"02/01/2023","20","1039.1","56.2"
"02/01/2023","20","1086.5","60"
"02/01/2023","20","1087.5","61.2"
"02/01/2023","20","1104.6","100"
"02/01/2023","20","1116.6","100.69"
"02/01/2023","20","1121.6","102.18"
"02/01/2023","20","1161.6","110.15"
"02/01/2023","20","1163.6","150"
"02/01/2023","20","1175.6","150.69"
"02/01/2023","20","1187.6","1000"
"02/01/2023","20","1209.6","2000"
"02/01/2023","20","1209.7","5000"
"02/01/2023","21","56.8","0"
"02/01/2023","21","62.8",".01"
"02/01/2023","21","142.8","1.06"
"02/01/2023","21","188.8","1.48"
"02/01/2023","21","216.8","1.49"
"02/01/2023","21","262.8","1.99"
"02/01/2023","21","276.8","2.49"
"02/01/2023","21","290.8","2.98"
"02/01/2023","21","305.8","3.69"
"02/01/2023","21","307.8","4.13"
"02/01/2023","21","308.9","4.14"
"02/01/2023","21","313.9","4.17"
"02/01/2023","21","318.9","4.18"
"02/01/2023","21","323.9","4.19"
"02/01/2023","21","328.9","4.2"
"02/01/2023","21","338.9","4.37"
"02/01/2023","21","348.9","4.38"
"02/01/2023","21","358.9","4.4"
"02/01/2023","21","363.9","4.41"
"02/01/2023","21","368.9","4.42"
"02/01/2023","21","373.9","4.47"
"02/01/2023","21","383.9","4.48"
"02/01/2023","21","388.9","4.49"
"02/01/2023","21","393.9","4.59"
"02/01/2023","21","403.9","4.6"
"02/01/2023","21","408.9","4.61"
"02/01/2023","21","415.6","4.7"
"02/01/2023","21","418.7","4.75"
"02/01/2023","21","423.7","4.76"
"02/01/2023","21","433.7","4.77"
"02/01/2023","21","438.7","4.78"
"02/01/2023","21","450.4","4.85"
"02/01/2023","21","470.4","4.86"
"02/01/2023","21","480.4","4.87"
"02/01/2023","21","485.4","4.88"
"02/01/2023","21","532.4","4.97"
"02/01/2023","21","557.4","4.98"
"02/01/2023","21","562.4","4.99"
"02/01/2023","21","564.4","5"
"02/01/2023","21","588.7","5.01"
"02/01/2023","21","603.7","5.12"
"02/01/2023","21","606.8","5.13"
"02/01/2023","21","616.8","5.22"
"02/01/2023","21","626.8","5.23"
"02/01/2023","21","639.3","5.36"
"02/01/2023","21","650.6","5.41"
"02/01/2023","21","664.4","5.42"
"02/01/2023","21","683.2","5.6"
"02/01/2023","21","695.7","5.65"
"02/01/2023","21","724.5","5.69"
"02/01/2023","21","730.8","5.72"
"02/01/2023","21","733.9","5.92"
"02/01/2023","21","766.9","6.97"
"02/01/2023","21","776.9","7.01"
"02/01/2023","21","781.9","7.98"
"02/01/2023","21","801.9","9.95"
"02/01/2023","21","804.4","10.01"
"02/01/2023","21","826.9","10.69"
"02/01/2023","21","836.7","12"
"02/01/2023","21","847.8","15"
"02/01/2023","21","860.6","20"
"02/01/2023","21","883.1","20.69"
"02/01/2023","21","933.1","30.15"
"02/01/2023","21","963.1","33"
"02/01/2023","21","965.1","35"
"02/01/2023","21","995.1","35.69"
"02/01/2023","21","1003.1","38.69"
"02/01/2023","21","1011.1","43.69"
"02/01/2023","21","1014.1","48.69"
"02/01/2023","21","1015.1","49.88"
"02/01/2023","21","1039.1","50.69"
"02/01/2023","21","1040.1","54.88"
"02/01/2023","21","1087.5","60"
"02/01/2023","21","1103.8","100"
"02/01/2023","21","1115.8","100.69"
"02/01/2023","21","1120.8","107.39"
"02/01/2023","21","1160.8","110.15"
"02/01/2023","21","1162.8","150"
"02/01/2023","21","1174.8","150.69"
"02/01/2023","21","1186.8","1000"
"02/01/2023","21","1208.8","2000"
"02/01/2023","21","1208.9","5000"
"02/01/2023","22","56.8","0"
"02/01/2023","22","62.8",".01"
"02/01/2023","22","142.8","1.04"
"02/01/2023","22","188.8","1.48"
"02/01/2023","22","216.8","1.49"
"02/01/2023","22","262.8","1.99"
"02/01/2023","22","265.9","2.01"
"02/01/2023","22","270.9","2.04"
"02/01/2023","22","280.9","2.05"
"02/01/2023","22","285.9","2.06"
"02/01/2023","22","290.9","2.2"
"02/01/2023","22","305.9","2.21"
"02/01/2023","22","315.9","2.23"
"02/01/2023","22","325.9","2.24"
"02/01/2023","22","335.9","2.29"
"02/01/2023","22","345.9","2.3"
"02/01/2023","22","355.9","2.39"
"02/01/2023","22","365.9","2.4"
"02/01/2023","22","372.6","2.47"
"02/01/2023","22","386.6","2.49"
"02/01/2023","22","389.7","2.52"
"02/01/2023","22","404.7","2.53"
"02/01/2023","22","409.7","2.54"
"02/01/2023","22","421.4","2.6"
"02/01/2023","22","446.4","2.61"
"02/01/2023","22","456.4","2.62"
"02/01/2023","22","466.4","2.7"
"02/01/2023","22","491.4","2.71"
"02/01/2023","22","497.7","2.73"
"02/01/2023","22","512.7","2.82"
"02/01/2023","22","515.8","2.83"
"02/01/2023","22","535.8","2.91"
"02/01/2023","22","549.8","2.98"
"02/01/2023","22","562.3","3.02"
"02/01/2023","22","568.6","3.06"
"02/01/2023","22","587.4","3.07"
"02/01/2023","22","606.2","3.22"
"02/01/2023","22","618.7","3.26"
"02/01/2023","22","625","3.29"
"02/01/2023","22","631.3","3.32"
"02/01/2023","22","634.4","3.48"
"02/01/2023","22","649.4","3.69"
"02/01/2023","22","691.4","4.97"
"02/01/2023","22","711.4","5.01"
"02/01/2023","22","733.9","5.69"
"02/01/2023","22","766.9","6.97"
"02/01/2023","22","776.9","7.01"
"02/01/2023","22","781.9","7.98"
"02/01/2023","22","801.9","9.96"
"02/01/2023","22","804.4","10.01"
"02/01/2023","22","826.9","10.69"
"02/01/2023","22","836.7","12"
"02/01/2023","22","895.2","15"
"02/01/2023","22","908","20"
"02/01/2023","22","930.5","20.69"
"02/01/2023","22","980.5","30.15"
"02/01/2023","22","988.5","31.98"
"02/01/2023","22","1018.5","33"
"02/01/2023","22","1020.5","35"
"02/01/2023","22","1050.5","35.69"
"02/01/2023","22","1058.5","36.98"
"02/01/2023","22","1063.5","39.77"
"02/01/2023","22","1066.5","41.98"
"02/01/2023","22","1067.5","42.64"
"02/01/2023","22","1068.5","47.64"
"02/01/2023","22","1092.5","50.69"
"02/01/2023","22","1108","100"
"02/01/2023","22","1120","100.69"
"02/01/2023","22","1160","110.15"
"02/01/2023","22","1162","150"
"02/01/2023","22","1174","150.69"
"02/01/2023","22","1186","1000"
"02/01/2023","22","1208","2000"
"02/01/2023","22","1208.1","5000"
"02/01/2023","23","56.8","0"
"02/01/2023","23","62.8",".01"
"02/01/2023","23","142.8","1.04"
"02/01/2023","23","188.8","1.48"
"02/01/2023","23","216.8","1.49"
"02/01/2023","23","262.8","1.99"
"02/01/2023","23","276.8","2.49"
"02/01/2023","23","279.9","2.78"
"02/01/2023","23","284.9","2.81"
"02/01/2023","23","294.9","2.82"
"02/01/2023","23","299.9","2.83"
"02/01/2023","23","323.9","2.98"
"02/01/2023","23","333.9","2.99"
"02/01/2023","23","338.9","3"
"02/01/2023","23","343.9","3.01"
"02/01/2023","23","353.9","3.02"
"02/01/2023","23","363.9","3.07"
"02/01/2023","23","373.9","3.08"
"02/01/2023","23","378.9","3.17"
"02/01/2023","23","393.9","3.18"
"02/01/2023","23","400.6","3.26"
"02/01/2023","23","403.7","3.31"
"02/01/2023","23","418.7","3.32"
"02/01/2023","23","423.7","3.33"
"02/01/2023","23","430.4","3.39"
"02/01/2023","23","455.4","3.4"
"02/01/2023","23","470.4","3.41"
"02/01/2023","23","493.4","3.5"
"02/01/2023","23","505.4","3.51"
"02/01/2023","23","511.7","3.53"
"02/01/2023","23","526.7","3.62"
"02/01/2023","23","529.8","3.63"
"02/01/2023","23","544.8","3.69"
"02/01/2023","23","554.8","3.71"
"02/01/2023","23","564.8","3.72"
"02/01/2023","23","577.3","3.83"
"02/01/2023","23","583.6","3.87"
"02/01/2023","23","602.4","3.88"
"02/01/2023","23","607.4","4.03"
"02/01/2023","23","621.2","4.04"
"02/01/2023","23","633.7","4.08"
"02/01/2023","23","640","4.11"
"02/01/2023","23","646.3","4.14"
"02/01/2023","23","649.4","4.31"
"02/01/2023","23","691.4","4.97"
"02/01/2023","23","711.4","5.01"
"02/01/2023","23","733.9","5.69"
"02/01/2023","23","766.9","6.97"
"02/01/2023","23","768.9","7"
"02/01/2023","23","778.9","7.01"
"02/01/2023","23","783.9","7.98"
"02/01/2023","23","793.7","8"
"02/01/2023","23","813.7","9.98"
"02/01/2023","23","824.8","10"
"02/01/2023","23","827.3","10.01"
"02/01/2023","23","849.8","10.69"
"02/01/2023","23","862.6","12"
"02/01/2023","23","910","15"
"02/01/2023","23","932.5","20.69"
"02/01/2023","23","940.5","20.95"
"02/01/2023","23","945.5","21.34"
"02/01/2023","23","953.5","25.95"
"02/01/2023","23","1003.5","30.15"
"02/01/2023","23","1006.5","30.95"
"02/01/2023","23","1036.5","33"
"02/01/2023","23","1066.5","35.69"
"02/01/2023","23","1067.5","36.63"
"02/01/2023","23","1068.5","41.63"
"02/01/2023","23","1092.5","50.69"
"02/01/2023","23","1110.8","100"
"02/01/2023","23","1122.8","100.69"
"02/01/2023","23","1162.8","110.15"
"02/01/2023","23","1164.8","150"
"02/01/2023","23","1176.8","150.69"
"02/01/2023","23","1188.8","1000"
"02/01/2023","23","1210.8","2000"
"02/01/2023","23","1210.9","5000"
"02/01/2023","24","56.8","0"
"02/01/2023","24","62.8",".01"
"02/01/2023","24","142.8",".99"
"02/01/2023","24","188.8","1.48"
"02/01/2023","24","216.8","1.49"
"02/01/2023","24","262.8","1.99"
"02/01/2023","24","265.9","2.14"
"02/01/2023","24","275.9","2.18"
"02/01/2023","24","280.9","2.19"
"02/01/2023","24","285.9","2.2"
"02/01/2023","24","295.9","2.36"
"02/01/2023","24","305.9","2.37"
"02/01/2023","24","310.9","2.38"
"02/01/2023","24","315.9","2.39"
"02/01/2023","24","320.9","2.4"
"02/01/2023","24","325.9","2.41"
"02/01/2023","24","330.9","2.45"
"02/01/2023","24","340.9","2.46"
"02/01/2023","24","345.9","2.47"
"02/01/2023","24","359.9","2.49"
"02/01/2023","24","374.9","2.57"
"02/01/2023","24","379.9","2.58"
"02/01/2023","24","386.6","2.66"
"02/01/2023","24","389.7","2.71"
"02/01/2023","24","394.7","2.72"
"02/01/2023","24","409.7","2.73"
"02/01/2023","24","416.4","2.8"
"02/01/2023","24","436.4","2.81"
"02/01/2023","24","451.4","2.82"
"02/01/2023","24","456.4","2.83"
"02/01/2023","24","461.4","2.91"
"02/01/2023","24","479.4","2.92"
"02/01/2023","24","491.4","2.93"
"02/01/2023","24","497.7","2.95"
"02/01/2023","24","511.7","2.98"
"02/01/2023","24","526.7","3.05"
"02/01/2023","24","529.8","3.06"
"02/01/2023","24","549.8","3.15"
"02/01/2023","24","562.3","3.27"
"02/01/2023","24","573.6","3.32"
"02/01/2023","24","587.4","3.33"
"02/01/2023","24","592.4","3.49"
"02/01/2023","24","606.2","3.5"
"02/01/2023","24","609.2","3.54"
"02/01/2023","24","618.7","3.55"
"02/01/2023","24","625","3.58"
"02/01/2023","24","629","3.6"
"02/01/2023","24","631.3","3.61"
"02/01/2023","24","646.3","3.69"
"02/01/2023","24","649.4","3.79"
"02/01/2023","24","691.4","4.97"
"02/01/2023","24","711.4","5.01"
"02/01/2023","24","733.9","5.69"
"02/01/2023","24","766.9","6.97"
"02/01/2023","24","768.9","7"
"02/01/2023","24","778.9","7.01"
"02/01/2023","24","783.9","7.98"
"02/01/2023","24","800.7","8"
"02/01/2023","24","820.7","9.98"
"02/01/2023","24","831.8","10"
"02/01/2023","24","834.3","10.01"
"02/01/2023","24","856.8","10.69"
"02/01/2023","24","869.6","12"
"02/01/2023","24","917","15"
"02/01/2023","24","925","19.36"
"02/01/2023","24","930","20"
"02/01/2023","24","952.5","20.69"
"02/01/2023","24","960.5","24.36"
"02/01/2023","24","963.5","29.36"
"02/01/2023","24","1013.5","30.15"
"02/01/2023","24","1043.5","33"
"02/01/2023","24","1044.5","35.36"
"02/01/2023","24","1074.5","35.69"
"02/01/2023","24","1075.5","40.36"
"02/01/2023","24","1099.5","50.69"
"02/01/2023","24","1114.8","100"
"02/01/2023","24","1126.8","100.69"
"02/01/2023","24","1166.8","110.15"
"02/01/2023","24","1168.8","150"
"02/01/2023","24","1180.8","150.69"
"02/01/2023","24","1192.8","1000"
"02/01/2023","24","1214.8","2000"
"02/01/2023","24","1214.9","5000"
