"Delivery Date","Hour Ending","MW Offered","OFFNS Offer Price"
"01/30/2023","01","819",".01"
"01/30/2023","01","1066.2",".02"
"01/30/2023","01","1216.8",".03"
"01/30/2023","01","1464",".04"
"01/30/2023","01","1614.6",".05"
"01/30/2023","01","1861.8",".06"
"01/30/2023","01","1961.4",".07"
"01/30/2023","01","2157.6",".08"
"01/30/2023","01","2207.4",".09"
"01/30/2023","01","2370.2",".1"
"01/30/2023","01","2516.3",".25"
"01/30/2023","01","2532.9",".4"
"01/30/2023","01","2594.9",".45"
"01/30/2023","01","2767.4",".62"
"01/30/2023","01","2829.4",".65"
"01/30/2023","01","2832.1",".74"
"01/30/2023","01","2834.8",".76"
"01/30/2023","01","2837.4",".77"
"01/30/2023","01","2888",".79"
"01/30/2023","01","2890.6",".81"
"01/30/2023","01","2893.2",".82"
"01/30/2023","01","2895.8",".84"
"01/30/2023","01","2955.8",".85"
"01/30/2023","01","2958.4",".86"
"01/30/2023","01","2961",".87"
"01/30/2023","01","2963.6",".89"
"01/30/2023","01","2966",".91"
"01/30/2023","01","3012.4",".92"
"01/30/2023","01","3058.8",".94"
"01/30/2023","01","3105.2",".96"
"01/30/2023","01","3151.7",".97"
"01/30/2023","01","3154.2",".99"
"01/30/2023","01","3156.6","1.01"
"01/30/2023","01","3159","1.02"
"01/30/2023","01","3287.9","1.04"
"01/30/2023","01","3362.9","1.05"
"01/30/2023","01","3365.5","1.06"
"01/30/2023","01","3367.7","1.07"
"01/30/2023","01","3425.1","1.08"
"01/30/2023","01","3482.8","1.09"
"01/30/2023","01","3540.9","1.11"
"01/30/2023","01","3543.2","1.12"
"01/30/2023","01","3602.2","1.13"
"01/30/2023","01","3674.5","1.14"
"01/30/2023","01","3749.5","1.15"
"01/30/2023","01","3751.8","1.16"
"01/30/2023","01","3754","1.17"
"01/30/2023","01","3756.2","1.19"
"01/30/2023","01","3758.6","1.21"
"01/30/2023","01","3806","1.22"
"01/30/2023","01","3866","1.3"
"01/30/2023","01","3911","1.42"
"01/30/2023","01","3956","1.62"
"01/30/2023","01","4020","1.75"
"01/30/2023","01","4065","1.82"
"01/30/2023","01","4090","2"
"01/30/2023","01","4286","2.72"
"01/30/2023","01","4349","2.8"
"01/30/2023","01","4359","3"
"01/30/2023","01","4374","3.01"
"01/30/2023","01","4384","4"
"01/30/2023","01","4399","4.01"
"01/30/2023","01","4632","8.8"
"01/30/2023","01","4859","23.8"
"01/30/2023","01","4894.3","50"
"01/30/2023","01","4920.8","80"
"01/30/2023","01","4947","110"
"01/30/2023","01","4973.2","140"
"01/30/2023","01","4998.5","170"
"01/30/2023","01","5023.1","200"
"01/30/2023","01","5047.7","230"
"01/30/2023","01","5072.7","260"
"01/30/2023","01","5097.3","290"
"01/30/2023","01","5122.6","320"
"01/30/2023","01","5140.9","350"
"01/30/2023","01","5160","380"
"01/30/2023","01","5179.1","410"
"01/30/2023","01","5197.4","440"
"01/30/2023","01","5218.3","470"
"01/30/2023","02","823.2",".01"
"01/30/2023","02","1070.8",".02"
"01/30/2023","02","1221.4",".03"
"01/30/2023","02","1469",".04"
"01/30/2023","02","1619.6",".05"
"01/30/2023","02","1867.2",".06"
"01/30/2023","02","1966.8",".07"
"01/30/2023","02","2163.4",".08"
"01/30/2023","02","2213.2",".09"
"01/30/2023","02","2376",".1"
"01/30/2023","02","2523.2",".25"
"01/30/2023","02","2539.8",".4"
"01/30/2023","02","2601.8",".45"
"01/30/2023","02","2823.8",".57"
"01/30/2023","02","2885.8",".65"
"01/30/2023","02","2886.7",".68"
"01/30/2023","02","2887.6",".7"
"01/30/2023","02","2888.5",".71"
"01/30/2023","02","2889.4",".73"
"01/30/2023","02","2938.3",".75"
"01/30/2023","02","2939.2",".76"
"01/30/2023","02","2940.1",".78"
"01/30/2023","02","2941",".8"
"01/30/2023","02","2941.8",".81"
"01/30/2023","02","2942.6",".83"
"01/30/2023","02","3003.4",".85"
"01/30/2023","02","3004.2",".86"
"01/30/2023","02","3005",".88"
"01/30/2023","02","3005.8",".9"
"01/30/2023","02","3006.6",".91"
"01/30/2023","02","3050.6",".92"
"01/30/2023","02","3051.4",".93"
"01/30/2023","02","3095.4",".94"
"01/30/2023","02","3096.2",".95"
"01/30/2023","02","3141",".96"
"01/30/2023","02","3185",".97"
"01/30/2023","02","3185.8",".98"
"01/30/2023","02","3186.6","1"
"01/30/2023","02","3187.4","1.01"
"01/30/2023","02","3188.2","1.03"
"01/30/2023","02","3314.5","1.04"
"01/30/2023","02","3390.3","1.05"
"01/30/2023","02","3391.1","1.06"
"01/30/2023","02","3449.3","1.08"
"01/30/2023","02","3504.8","1.09"
"01/30/2023","02","3505.6","1.1"
"01/30/2023","02","3562.2","1.11"
"01/30/2023","02","3622","1.13"
"01/30/2023","02","3692","1.14"
"01/30/2023","02","3767.8","1.15"
"01/30/2023","02","3768.6","1.16"
"01/30/2023","02","3813.6","1.22"
"01/30/2023","02","3873.6","1.3"
"01/30/2023","02","3918.6","1.42"
"01/30/2023","02","3963.6","1.62"
"01/30/2023","02","4027.6","1.75"
"01/30/2023","02","4072.6","1.82"
"01/30/2023","02","4097.6","2"
"01/30/2023","02","4295.6","2.72"
"01/30/2023","02","4358.6","2.8"
"01/30/2023","02","4368.6","3"
"01/30/2023","02","4383.6","3.01"
"01/30/2023","02","4393.6","4"
"01/30/2023","02","4408.6","4.01"
"01/30/2023","02","4641.6","8.8"
"01/30/2023","02","4868.6","23.8"
"01/30/2023","02","4903.8","50"
"01/30/2023","02","4930.3","80"
"01/30/2023","02","4956.8","110"
"01/30/2023","02","4983","140"
"01/30/2023","02","5008.6","170"
"01/30/2023","02","5033.2","200"
"01/30/2023","02","5057.8","230"
"01/30/2023","02","5083.1","260"
"01/30/2023","02","5107.7","290"
"01/30/2023","02","5133","320"
"01/30/2023","02","5151.6","350"
"01/30/2023","02","5170.2","380"
"01/30/2023","02","5188.8","410"
"01/30/2023","02","5206.4","440"
"01/30/2023","02","5227","470"
"01/30/2023","03","842.1",".01"
"01/30/2023","03","1089.7",".02"
"01/30/2023","03","1240.3",".03"
"01/30/2023","03","1487.9",".04"
"01/30/2023","03","1638.5",".05"
"01/30/2023","03","1886.1",".06"
"01/30/2023","03","1985.7",".07"
"01/30/2023","03","2182.3",".08"
"01/30/2023","03","2232.1",".09"
"01/30/2023","03","2394.9",".1"
"01/30/2023","03","2538.7",".25"
"01/30/2023","03","2555.3",".4"
"01/30/2023","03","2617.3",".45"
"01/30/2023","03","2679.3",".65"
"01/30/2023","03","2920.8",".74"
"01/30/2023","03","2968.8",".75"
"01/30/2023","03","3028.8",".85"
"01/30/2023","03","3072.8",".92"
"01/30/2023","03","3116.8",".94"
"01/30/2023","03","3160.8",".96"
"01/30/2023","03","3204.8",".97"
"01/30/2023","03","3331.1","1.04"
"01/30/2023","03","3406.1","1.05"
"01/30/2023","03","3463.5","1.08"
"01/30/2023","03","3519","1.09"
"01/30/2023","03","3574.8","1.11"
"01/30/2023","03","3633.8","1.13"
"01/30/2023","03","3703.8","1.14"
"01/30/2023","03","3778.8","1.15"
"01/30/2023","03","3823.8","1.22"
"01/30/2023","03","3883.8","1.3"
"01/30/2023","03","3928.8","1.42"
"01/30/2023","03","3973.8","1.62"
"01/30/2023","03","4037.8","1.75"
"01/30/2023","03","4082.8","1.82"
"01/30/2023","03","4107.8","2"
"01/30/2023","03","4305.8","2.72"
"01/30/2023","03","4368.8","2.8"
"01/30/2023","03","4378.8","3"
"01/30/2023","03","4393.8","3.01"
"01/30/2023","03","4403.8","4"
"01/30/2023","03","4418.8","4.01"
"01/30/2023","03","4651.8","8.8"
"01/30/2023","03","4878.8","23.8"
"01/30/2023","03","4913.3","50"
"01/30/2023","03","4939.1","80"
"01/30/2023","03","4964.9","110"
"01/30/2023","03","4990.4","140"
"01/30/2023","03","5015.2","170"
"01/30/2023","03","5039.4","200"
"01/30/2023","03","5063.1","230"
"01/30/2023","03","5087.6","260"
"01/30/2023","03","5111.3","290"
"01/30/2023","03","5136.1","320"
"01/30/2023","03","5153.8","350"
"01/30/2023","03","5171.5","380"
"01/30/2023","03","5189.2","410"
"01/30/2023","03","5205.9","440"
"01/30/2023","03","5225.6","470"
"01/30/2023","04","847",".01"
"01/30/2023","04","1095",".02"
"01/30/2023","04","1245.6",".03"
"01/30/2023","04","1493.6",".04"
"01/30/2023","04","1644.2",".05"
"01/30/2023","04","1892.2",".06"
"01/30/2023","04","1991.8",".07"
"01/30/2023","04","2188.8",".08"
"01/30/2023","04","2238.6",".09"
"01/30/2023","04","2401.4",".1"
"01/30/2023","04","2545",".25"
"01/30/2023","04","2561.6",".4"
"01/30/2023","04","2623.6",".45"
"01/30/2023","04","2685.6",".65"
"01/30/2023","04","2855.1",".74"
"01/30/2023","04","2903.1",".75"
"01/30/2023","04","2905.7",".83"
"01/30/2023","04","2968.3",".85"
"01/30/2023","04","2970.9",".86"
"01/30/2023","04","2973.5",".88"
"01/30/2023","04","2976.1",".9"
"01/30/2023","04","2978.7",".91"
"01/30/2023","04","3022.7",".92"
"01/30/2023","04","3025.3",".93"
"01/30/2023","04","3069.3",".94"
"01/30/2023","04","3071.9",".95"
"01/30/2023","04","3118.4",".96"
"01/30/2023","04","3162.4",".97"
"01/30/2023","04","3164.9",".98"
"01/30/2023","04","3167.3","1"
"01/30/2023","04","3169.7","1.01"
"01/30/2023","04","3172.1","1.03"
"01/30/2023","04","3298.5","1.04"
"01/30/2023","04","3375.9","1.05"
"01/30/2023","04","3378.3","1.06"
"01/30/2023","04","3438.2","1.08"
"01/30/2023","04","3493.7","1.09"
"01/30/2023","04","3496.1","1.1"
"01/30/2023","04","3554.3","1.11"
"01/30/2023","04","3615.8","1.13"
"01/30/2023","04","3685.8","1.14"
"01/30/2023","04","3763.3","1.15"
"01/30/2023","04","3765.5","1.16"
"01/30/2023","04","3767.7","1.18"
"01/30/2023","04","3769.9","1.2"
"01/30/2023","04","3772.1","1.21"
"01/30/2023","04","3817.1","1.22"
"01/30/2023","04","3819.3","1.23"
"01/30/2023","04","3821.5","1.25"
"01/30/2023","04","3823.7","1.26"
"01/30/2023","04","3825.9","1.28"
"01/30/2023","04","3888.2","1.3"
"01/30/2023","04","3890.5","1.31"
"01/30/2023","04","3935.5","1.42"
"01/30/2023","04","3980.5","1.62"
"01/30/2023","04","4044.5","1.75"
"01/30/2023","04","4089.5","1.82"
"01/30/2023","04","4114.5","2"
"01/30/2023","04","4312.5","2.72"
"01/30/2023","04","4375.5","2.8"
"01/30/2023","04","4385.5","3"
"01/30/2023","04","4400.5","3.01"
"01/30/2023","04","4410.5","4"
"01/30/2023","04","4425.5","4.01"
"01/30/2023","04","4658.5","8.8"
"01/30/2023","04","4885.5","23.8"
"01/30/2023","04","4920.2","50"
"01/30/2023","04","4946.2","80"
"01/30/2023","04","4971.9","110"
"01/30/2023","04","4997.6","140"
"01/30/2023","04","5022.3","170"
"01/30/2023","04","5046.4","200"
"01/30/2023","04","5070.5","230"
"01/30/2023","04","5094.9","260"
"01/30/2023","04","5118.2","290"
"01/30/2023","04","5142.9","320"
"01/30/2023","04","5161.6","350"
"01/30/2023","04","5180.3","380"
"01/30/2023","04","5199","410"
"01/30/2023","04","5215.7","440"
"01/30/2023","04","5236.2","470"
"01/30/2023","05","851.1",".01"
"01/30/2023","05","1099.3",".02"
"01/30/2023","05","1249.9",".03"
"01/30/2023","05","1498.1",".04"
"01/30/2023","05","1648.7",".05"
"01/30/2023","05","1896.9",".06"
"01/30/2023","05","1996.5",".07"
"01/30/2023","05","2193.7",".08"
"01/30/2023","05","2243.5",".09"
"01/30/2023","05","2406.3",".1"
"01/30/2023","05","2549",".25"
"01/30/2023","05","2565.6",".4"
"01/30/2023","05","2627.6",".45"
"01/30/2023","05","2689.6",".65"
"01/30/2023","05","2883.1",".74"
"01/30/2023","05","2932.9",".75"
"01/30/2023","05","2934.7",".77"
"01/30/2023","05","2936.4",".78"
"01/30/2023","05","2938.1",".8"
"01/30/2023","05","2939.8",".82"
"01/30/2023","05","2941.5",".83"
"01/30/2023","05","3003.2",".85"
"01/30/2023","05","3004.9",".87"
"01/30/2023","05","3006.5",".88"
"01/30/2023","05","3008.1",".9"
"01/30/2023","05","3053.7",".92"
"01/30/2023","05","3055.3",".93"
"01/30/2023","05","3099.3",".94"
"01/30/2023","05","3100.9",".95"
"01/30/2023","05","3144.9",".96"
"01/30/2023","05","3190.5",".97"
"01/30/2023","05","3192.1",".98"
"01/30/2023","05","3193.7","1"
"01/30/2023","05","3195.3","1.02"
"01/30/2023","05","3196.9","1.03"
"01/30/2023","05","3323.4","1.04"
"01/30/2023","05","3400","1.05"
"01/30/2023","05","3401.6","1.07"
"01/30/2023","05","3460.7","1.08"
"01/30/2023","05","3516.3","1.09"
"01/30/2023","05","3517.8","1.1"
"01/30/2023","05","3573.7","1.11"
"01/30/2023","05","3575.2","1.12"
"01/30/2023","05","3635.8","1.13"
"01/30/2023","05","3705.8","1.14"
"01/30/2023","05","3782.3","1.15"
"01/30/2023","05","3783.8","1.17"
"01/30/2023","05","3785.2","1.18"
"01/30/2023","05","3786.6","1.2"
"01/30/2023","05","3833.1","1.22"
"01/30/2023","05","3834.6","1.23"
"01/30/2023","05","3894.6","1.3"
"01/30/2023","05","3939.6","1.42"
"01/30/2023","05","3984.6","1.62"
"01/30/2023","05","4048.6","1.75"
"01/30/2023","05","4093.6","1.82"
"01/30/2023","05","4118.6","2"
"01/30/2023","05","4316.6","2.72"
"01/30/2023","05","4379.6","2.8"
"01/30/2023","05","4389.6","3"
"01/30/2023","05","4404.6","3.01"
"01/30/2023","05","4414.6","4"
"01/30/2023","05","4429.6","4.01"
"01/30/2023","05","4662.6","8.8"
"01/30/2023","05","4889.6","23.8"
"01/30/2023","05","4924.1","50"
"01/30/2023","05","4949.9","80"
"01/30/2023","05","4975.4","110"
"01/30/2023","05","5000.9","140"
"01/30/2023","05","5025.5","170"
"01/30/2023","05","5049.5","200"
"01/30/2023","05","5073.5","230"
"01/30/2023","05","5097.8","260"
"01/30/2023","05","5121.8","290"
"01/30/2023","05","5146.4","320"
"01/30/2023","05","5164.6","350"
"01/30/2023","05","5182.8","380"
"01/30/2023","05","5201","410"
"01/30/2023","05","5217.4","440"
"01/30/2023","05","5237.6","470"
"01/30/2023","06","845.4",".01"
"01/30/2023","06","1094",".02"
"01/30/2023","06","1194.8",".03"
"01/30/2023","06","1393.6",".04"
"01/30/2023","06","1544.2",".05"
"01/30/2023","06","1792.8",".06"
"01/30/2023","06","1892.4",".07"
"01/30/2023","06","2090",".08"
"01/30/2023","06","2139.8",".09"
"01/30/2023","06","2302.6",".1"
"01/30/2023","06","2445.6",".25"
"01/30/2023","06","2462.2",".4"
"01/30/2023","06","2609.2",".74"
"01/30/2023","06","2657.2",".75"
"01/30/2023","06","2660.8",".87"
"01/30/2023","06","2664.4",".89"
"01/30/2023","06","2667.9",".9"
"01/30/2023","06","2715.4",".92"
"01/30/2023","06","2762.9",".94"
"01/30/2023","06","2766.4",".95"
"01/30/2023","06","2810.4",".96"
"01/30/2023","06","2857.8",".97"
"01/30/2023","06","2861.2",".99"
"01/30/2023","06","2864.6","1"
"01/30/2023","06","2868","1.02"
"01/30/2023","06","2997.8","1.04"
"01/30/2023","06","3076.1","1.05"
"01/30/2023","06","3079.3","1.07"
"01/30/2023","06","3136.9","1.08"
"01/30/2023","06","3195.7","1.09"
"01/30/2023","06","3199.1","1.1"
"01/30/2023","06","3255","1.11"
"01/30/2023","06","3258.4","1.12"
"01/30/2023","06","3317.5","1.13"
"01/30/2023","06","3390.7","1.14"
"01/30/2023","06","3468.9","1.15"
"01/30/2023","06","3472.3","1.17"
"01/30/2023","06","3475.7","1.19"
"01/30/2023","06","3478.7","1.2"
"01/30/2023","06","3526.7","1.22"
"01/30/2023","06","3529.7","1.24"
"01/30/2023","06","3532.7","1.25"
"01/30/2023","06","3535.7","1.27"
"01/30/2023","06","3538.7","1.29"
"01/30/2023","06","3541.7","1.3"
"01/30/2023","06","3544.7","1.32"
"01/30/2023","06","3547.8","1.34"
"01/30/2023","06","3550.9","1.35"
"01/30/2023","06","3595.9","1.42"
"01/30/2023","06","3640.9","1.62"
"01/30/2023","06","3685.9","1.82"
"01/30/2023","06","3884.9","2.72"
"01/30/2023","06","3946.9","3.15"
"01/30/2023","06","4008.9","3.35"
"01/30/2023","06","4068.9","3.55"
"01/30/2023","06","4128.9","4"
"01/30/2023","06","4192.9","4.45"
"01/30/2023","06","4255.9","5.5"
"01/30/2023","06","4267.9","7"
"01/30/2023","06","4500.9","17.5"
"01/30/2023","06","4727.9","32.5"
"01/30/2023","06","4737.9","45.34"
"01/30/2023","06","4747.9","48.34"
"01/30/2023","06","4782.8","50"
"01/30/2023","06","4797.8","51.15"
"01/30/2023","06","4812.8","54.15"
"01/30/2023","06","4839","80"
"01/30/2023","06","4865.2","110"
"01/30/2023","06","4891.1","140"
"01/30/2023","06","4916.3","170"
"01/30/2023","06","4940.9","200"
"01/30/2023","06","4965.2","230"
"01/30/2023","06","4990.1","260"
"01/30/2023","06","5014.4","290"
"01/30/2023","06","5039.6","320"
"01/30/2023","06","5058.3","350"
"01/30/2023","06","5077","380"
"01/30/2023","06","5095.7","410"
"01/30/2023","06","5113.4","440"
"01/30/2023","06","5133.9","470"
"01/30/2023","07","874.4",".01"
"01/30/2023","07","975.2",".02"
"01/30/2023","07","1025",".03"
"01/30/2023","07","1074.8",".04"
"01/30/2023","07","1125.8",".05"
"01/30/2023","07","1275.2",".06"
"01/30/2023","07","1325",".07"
"01/30/2023","07","1523",".08"
"01/30/2023","07","1572.8",".1"
"01/30/2023","07","1597.2",".25"
"01/30/2023","07","1610.7",".4"
"01/30/2023","07","1713.7",".58"
"01/30/2023","07","1757.7",".92"
"01/30/2023","07","1801.7",".94"
"01/30/2023","07","1845.7",".96"
"01/30/2023","07","1889.7",".97"
"01/30/2023","07","2104.2",".99"
"01/30/2023","07","2230.6","1.04"
"01/30/2023","07","2305.6","1.05"
"01/30/2023","07","2363.1","1.08"
"01/30/2023","07","2418.7","1.09"
"01/30/2023","07","2474.5","1.11"
"01/30/2023","07","2533.6","1.13"
"01/30/2023","07","2603.6","1.14"
"01/30/2023","07","2678.6","1.15"
"01/30/2023","07","2723.6","1.22"
"01/30/2023","07","2768.6","1.42"
"01/30/2023","07","2813.6","1.62"
"01/30/2023","07","2861.6","1.7"
"01/30/2023","07","2906.6","1.82"
"01/30/2023","07","3106.6","2.72"
"01/30/2023","07","3168.6","5.15"
"01/30/2023","07","3230.6","5.45"
"01/30/2023","07","3290.6","5.9"
"01/30/2023","07","3350.6","6.35"
"01/30/2023","07","3362.6","7"
"01/30/2023","07","3426.6","7.2"
"01/30/2023","07","3489.6","8.25"
"01/30/2023","07","3722.6","20.25"
"01/30/2023","07","3949.6","35.25"
"01/30/2023","07","3959.6","47.67"
"01/30/2023","07","3982.9","50"
"01/30/2023","07","3992.9","50.67"
"01/30/2023","07","4007.9","56.69"
"01/30/2023","07","4022.9","59.69"
"01/30/2023","07","4046","80"
"01/30/2023","07","4054.4","100"
"01/30/2023","07","4077.5","110"
"01/30/2023","07","4100.3","140"
"01/30/2023","07","4122.5","170"
"01/30/2023","07","4144.2","200"
"01/30/2023","07","4165.9","230"
"01/30/2023","07","4187.9","260"
"01/30/2023","07","4209.1","290"
"01/30/2023","07","4231.3","320"
"01/30/2023","07","4247.5","350"
"01/30/2023","07","4262.7","380"
"01/30/2023","07","4277.9","410"
"01/30/2023","07","4292.1","440"
"01/30/2023","07","4309.3","470"
"01/30/2023","08","882.7",".01"
"01/30/2023","08","983.5",".02"
"01/30/2023","08","1033.3",".03"
"01/30/2023","08","1083.1",".04"
"01/30/2023","08","1134.1",".05"
"01/30/2023","08","1281.1",".06"
"01/30/2023","08","1330.9",".07"
"01/30/2023","08","1526.5",".08"
"01/30/2023","08","1576.3",".1"
"01/30/2023","08","1597.5",".25"
"01/30/2023","08","1611",".4"
"01/30/2023","08","1714",".58"
"01/30/2023","08","1758",".92"
"01/30/2023","08","1802",".94"
"01/30/2023","08","1846",".96"
"01/30/2023","08","1890",".97"
"01/30/2023","08","2103",".99"
"01/30/2023","08","2229.1","1.04"
"01/30/2023","08","2304.1","1.05"
"01/30/2023","08","2361.3","1.08"
"01/30/2023","08","2416.5","1.09"
"01/30/2023","08","2472","1.11"
"01/30/2023","08","2530.7","1.13"
"01/30/2023","08","2600.7","1.14"
"01/30/2023","08","2675.7","1.15"
"01/30/2023","08","2720.7","1.22"
"01/30/2023","08","2765.7","1.42"
"01/30/2023","08","2810.7","1.62"
"01/30/2023","08","2855.7","1.82"
"01/30/2023","08","2903.7","2.08"
"01/30/2023","08","3103.7","2.72"
"01/30/2023","08","3165.7","5.15"
"01/30/2023","08","3227.7","5.45"
"01/30/2023","08","3287.7","5.9"
"01/30/2023","08","3347.7","6.35"
"01/30/2023","08","3359.7","7"
"01/30/2023","08","3423.7","7.2"
"01/30/2023","08","3486.7","8.25"
"01/30/2023","08","3719.7","20.25"
"01/30/2023","08","3946.7","35.25"
"01/30/2023","08","3956.7","44.87"
"01/30/2023","08","3966.7","47.87"
"01/30/2023","08","3989.7","50"
"01/30/2023","08","4004.7","56.55"
"01/30/2023","08","4019.7","59.55"
"01/30/2023","08","4042.4","80"
"01/30/2023","08","4050.8","100"
"01/30/2023","08","4073.5","110"
"01/30/2023","08","4096.2","140"
"01/30/2023","08","4118.1","170"
"01/30/2023","08","4139.5","200"
"01/30/2023","08","4160.9","230"
"01/30/2023","08","4182.5","260"
"01/30/2023","08","4203.2","290"
"01/30/2023","08","4225.1","320"
"01/30/2023","08","4240.8","350"
"01/30/2023","08","4255.5","380"
"01/30/2023","08","4271.2","410"
"01/30/2023","08","4284.9","440"
"01/30/2023","08","4302.6","470"
"01/30/2023","09","878.2",".01"
"01/30/2023","09","979",".02"
"01/30/2023","09","1028.8",".03"
"01/30/2023","09","1078.6",".04"
"01/30/2023","09","1129.6",".05"
"01/30/2023","09","1276.6",".06"
"01/30/2023","09","1326.4",".07"
"01/30/2023","09","1522",".08"
"01/30/2023","09","1571.8",".1"
"01/30/2023","09","1591",".25"
"01/30/2023","09","1604.5",".4"
"01/30/2023","09","1707.5",".58"
"01/30/2023","09","1751.5",".92"
"01/30/2023","09","1795.5",".94"
"01/30/2023","09","1839.5",".96"
"01/30/2023","09","1883.5",".97"
"01/30/2023","09","2099.5",".99"
"01/30/2023","09","2225.3","1.04"
"01/30/2023","09","2300.3","1.05"
"01/30/2023","09","2357.2","1.08"
"01/30/2023","09","2412.1","1.09"
"01/30/2023","09","2467.4","1.11"
"01/30/2023","09","2525.8","1.13"
"01/30/2023","09","2595.8","1.14"
"01/30/2023","09","2670.8","1.15"
"01/30/2023","09","2715.8","1.22"
"01/30/2023","09","2760.8","1.42"
"01/30/2023","09","2805.8","1.62"
"01/30/2023","09","2853.8","1.72"
"01/30/2023","09","2898.8","1.82"
"01/30/2023","09","3098.8","2.72"
"01/30/2023","09","3160.8","5.15"
"01/30/2023","09","3222.8","5.45"
"01/30/2023","09","3282.8","5.9"
"01/30/2023","09","3342.8","6.35"
"01/30/2023","09","3354.8","7"
"01/30/2023","09","3418.8","7.2"
"01/30/2023","09","3481.8","8.25"
"01/30/2023","09","3714.8","20.25"
"01/30/2023","09","3941.8","35.25"
"01/30/2023","09","3951.8","45.31"
"01/30/2023","09","3966.8","45.32"
"01/30/2023","09","3976.8","48.31"
"01/30/2023","09","3991.8","48.32"
"01/30/2023","09","4015","50"
"01/30/2023","09","4037.9","80"
"01/30/2023","09","4046.3","100"
"01/30/2023","09","4069.2","110"
"01/30/2023","09","4092.1","140"
"01/30/2023","09","4114.2","170"
"01/30/2023","09","4135.7","200"
"01/30/2023","09","4157.2","230"
"01/30/2023","09","4179.3","260"
"01/30/2023","09","4200.1","290"
"01/30/2023","09","4222.2","320"
"01/30/2023","09","4239","350"
"01/30/2023","09","4253.8","380"
"01/30/2023","09","4269.6","410"
"01/30/2023","09","4283.4","440"
"01/30/2023","09","4301.2","470"
"01/30/2023","10","914.2",".01"
"01/30/2023","10","1160.8",".02"
"01/30/2023","10","1261.6",".03"
"01/30/2023","10","1458.4",".04"
"01/30/2023","10","1559.2",".05"
"01/30/2023","10","1756",".06"
"01/30/2023","10","1855.6",".07"
"01/30/2023","10","2051.2",".08"
"01/30/2023","10","2101",".09"
"01/30/2023","10","2150.8",".1"
"01/30/2023","10","2171.5",".25"
"01/30/2023","10","2188.1",".4"
"01/30/2023","10","2291.1",".58"
"01/30/2023","10","2335.1",".92"
"01/30/2023","10","2379.1",".94"
"01/30/2023","10","2423.1",".96"
"01/30/2023","10","2467.1",".97"
"01/30/2023","10","2690.6",".99"
"01/30/2023","10","2816.3","1.04"
"01/30/2023","10","2891.3","1.05"
"01/30/2023","10","2948.1","1.08"
"01/30/2023","10","3002.9","1.09"
"01/30/2023","10","3058.2","1.11"
"01/30/2023","10","3116.5","1.13"
"01/30/2023","10","3186.5","1.14"
"01/30/2023","10","3261.5","1.15"
"01/30/2023","10","3306.5","1.22"
"01/30/2023","10","3351.5","1.42"
"01/30/2023","10","3399.5","1.46"
"01/30/2023","10","3444.5","1.62"
"01/30/2023","10","3489.5","1.82"
"01/30/2023","10","3687.5","2.72"
"01/30/2023","10","3697.5","3"
"01/30/2023","10","3712.5","3.01"
"01/30/2023","10","3722.5","4"
"01/30/2023","10","3737.5","4.01"
"01/30/2023","10","3799.5","5.15"
"01/30/2023","10","3861.5","5.45"
"01/30/2023","10","3921.5","5.9"
"01/30/2023","10","3981.5","6.35"
"01/30/2023","10","3993.5","7"
"01/30/2023","10","4057.5","7.2"
"01/30/2023","10","4120.5","8.25"
"01/30/2023","10","4353.5","16.25"
"01/30/2023","10","4580.5","31.25"
"01/30/2023","10","4604.4","50"
"01/30/2023","10","4628.1","80"
"01/30/2023","10","4636.5","100"
"01/30/2023","10","4660.2","110"
"01/30/2023","10","4683.9","140"
"01/30/2023","10","4707","170"
"01/30/2023","10","4729.6","200"
"01/30/2023","10","4751.7","230"
"01/30/2023","10","4774.5","260"
"01/30/2023","10","4796.6","290"
"01/30/2023","10","4819.7","320"
"01/30/2023","10","4836.8","350"
"01/30/2023","10","4852.9","380"
"01/30/2023","10","4870","410"
"01/30/2023","10","4885.1","440"
"01/30/2023","10","4903.2","470"
"01/30/2023","11","846.9",".01"
"01/30/2023","11","1093.5",".02"
"01/30/2023","11","1194.3",".03"
"01/30/2023","11","1391.1",".04"
"01/30/2023","11","1541.7",".05"
"01/30/2023","11","1788.3",".06"
"01/30/2023","11","1887.9",".07"
"01/30/2023","11","2083.5",".08"
"01/30/2023","11","2133.3",".09"
"01/30/2023","11","2183.1",".1"
"01/30/2023","11","2218.1",".25"
"01/30/2023","11","2266.1",".35"
"01/30/2023","11","2282.7",".4"
"01/30/2023","11","2385.7",".58"
"01/30/2023","11","2429.7",".92"
"01/30/2023","11","2473.7",".94"
"01/30/2023","11","2765.2",".96"
"01/30/2023","11","2809.2",".97"
"01/30/2023","11","2934.6","1.04"
"01/30/2023","11","3009.6","1.05"
"01/30/2023","11","3066.1","1.08"
"01/30/2023","11","3120.6","1.09"
"01/30/2023","11","3175.6","1.11"
"01/30/2023","11","3233.6","1.13"
"01/30/2023","11","3303.6","1.14"
"01/30/2023","11","3378.6","1.15"
"01/30/2023","11","3423.6","1.22"
"01/30/2023","11","3468.6","1.42"
"01/30/2023","11","3513.6","1.62"
"01/30/2023","11","3558.6","1.82"
"01/30/2023","11","3752.6","2.72"
"01/30/2023","11","3814.6","2.85"
"01/30/2023","11","3824.6","3"
"01/30/2023","11","3839.6","3.01"
"01/30/2023","11","3901.6","3.15"
"01/30/2023","11","3961.6","3.6"
"01/30/2023","11","3971.6","4"
"01/30/2023","11","3986.6","4.01"
"01/30/2023","11","4046.6","4.05"
"01/30/2023","11","4110.6","4.9"
"01/30/2023","11","4173.6","5.95"
"01/30/2023","11","4185.6","7"
"01/30/2023","11","4418.6","8.95"
"01/30/2023","11","4645.6","23.95"
"01/30/2023","11","4672.2","50"
"01/30/2023","11","4698.5","80"
"01/30/2023","11","4706.9","100"
"01/30/2023","11","4732.9","110"
"01/30/2023","11","4758.9","140"
"01/30/2023","11","4784.2","170"
"01/30/2023","11","4808.9","200"
"01/30/2023","11","4833.6","230"
"01/30/2023","11","4858.9","260"
"01/30/2023","11","4882.8","290"
"01/30/2023","11","4908.1","320"
"01/30/2023","11","4928","350"
"01/30/2023","11","4946.9","380"
"01/30/2023","11","4966.8","410"
"01/30/2023","11","4984.7","440"
"01/30/2023","11","5005.6","470"
"01/30/2023","12","829.3",".01"
"01/30/2023","12","1075.9",".02"
"01/30/2023","12","1176.7",".03"
"01/30/2023","12","1373.5",".04"
"01/30/2023","12","1524.1",".05"
"01/30/2023","12","1770.7",".06"
"01/30/2023","12","1870.3",".07"
"01/30/2023","12","2065.9",".08"
"01/30/2023","12","2115.7",".09"
"01/30/2023","12","2165.5",".1"
"01/30/2023","12","2201",".25"
"01/30/2023","12","2249",".34"
"01/30/2023","12","2265.6",".4"
"01/30/2023","12","2368.6",".58"
"01/30/2023","12","2412.6",".92"
"01/30/2023","12","2456.6",".94"
"01/30/2023","12","2657.6",".95"
"01/30/2023","12","2701.6",".96"
"01/30/2023","12","2745.6",".97"
"01/30/2023","12","2871","1.04"
"01/30/2023","12","2946","1.05"
"01/30/2023","12","3002.5","1.08"
"01/30/2023","12","3056.9","1.09"
"01/30/2023","12","3111.9","1.11"
"01/30/2023","12","3171.6","1.13"
"01/30/2023","12","3241.6","1.14"
"01/30/2023","12","3318.4","1.15"
"01/30/2023","12","3320.2","1.16"
"01/30/2023","12","3322","1.18"
"01/30/2023","12","3323.8","1.2"
"01/30/2023","12","3325.6","1.21"
"01/30/2023","12","3370.6","1.22"
"01/30/2023","12","3372.4","1.23"
"01/30/2023","12","3374.2","1.25"
"01/30/2023","12","3375.9","1.26"
"01/30/2023","12","3377.6","1.28"
"01/30/2023","12","3379.3","1.3"
"01/30/2023","12","3381","1.31"
"01/30/2023","12","3382.7","1.33"
"01/30/2023","12","3384.4","1.35"
"01/30/2023","12","3386.1","1.36"
"01/30/2023","12","3387.8","1.38"
"01/30/2023","12","3389.4","1.4"
"01/30/2023","12","3391","1.41"
"01/30/2023","12","3436","1.42"
"01/30/2023","12","3437.7","1.43"
"01/30/2023","12","3439.4","1.45"
"01/30/2023","12","3441","1.46"
"01/30/2023","12","3442.6","1.48"
"01/30/2023","12","3444.2","1.5"
"01/30/2023","12","3445.8","1.51"
"01/30/2023","12","3447.4","1.53"
"01/30/2023","12","3449","1.55"
"01/30/2023","12","3450.5","1.56"
"01/30/2023","12","3452","1.58"
"01/30/2023","12","3453.6","1.6"
"01/30/2023","12","3455.2","1.61"
"01/30/2023","12","3500.2","1.62"
"01/30/2023","12","3545.2","1.82"
"01/30/2023","12","3570.2","2"
"01/30/2023","12","3764.2","2.72"
"01/30/2023","12","3826.2","2.85"
"01/30/2023","12","3836.2","3"
"01/30/2023","12","3851.2","3.01"
"01/30/2023","12","3913.2","3.15"
"01/30/2023","12","3973.2","3.6"
"01/30/2023","12","3983.2","4"
"01/30/2023","12","3998.2","4.01"
"01/30/2023","12","4058.2","4.05"
"01/30/2023","12","4122.2","4.9"
"01/30/2023","12","4185.2","5.95"
"01/30/2023","12","4418.2","8.95"
"01/30/2023","12","4645.2","23.95"
"01/30/2023","12","4672","50"
"01/30/2023","12","4698.5","80"
"01/30/2023","12","4706.9","100"
"01/30/2023","12","4733.4","110"
"01/30/2023","12","4759.9","140"
"01/30/2023","12","4785.8","170"
"01/30/2023","12","4811.1","200"
"01/30/2023","12","4836.4","230"
"01/30/2023","12","4862","260"
"01/30/2023","12","4886.8","290"
"01/30/2023","12","4912.7","320"
"01/30/2023","12","4933.5","350"
"01/30/2023","12","4952.3","380"
"01/30/2023","12","4972.1","410"
"01/30/2023","12","4990.1","440"
"01/30/2023","12","5011.9","470"
"01/30/2023","13","833.9",".01"
"01/30/2023","13","1080.5",".02"
"01/30/2023","13","1181.3",".03"
"01/30/2023","13","1378.1",".04"
"01/30/2023","13","1528.7",".05"
"01/30/2023","13","1775.3",".06"
"01/30/2023","13","1874.9",".07"
"01/30/2023","13","2070.5",".08"
"01/30/2023","13","2120.3",".09"
"01/30/2023","13","2170.1",".1"
"01/30/2023","13","2202.2",".25"
"01/30/2023","13","2266.8",".4"
"01/30/2023","13","2369.8",".58"
"01/30/2023","13","2413.8",".92"
"01/30/2023","13","2457.8",".94"
"01/30/2023","13","2501.8",".96"
"01/30/2023","13","2794.8",".97"
"01/30/2023","13","2920.1","1.04"
"01/30/2023","13","2995.1","1.05"
"01/30/2023","13","3051.5","1.08"
"01/30/2023","13","3105.9","1.09"
"01/30/2023","13","3160.8","1.11"
"01/30/2023","13","3218.7","1.13"
"01/30/2023","13","3288.7","1.14"
"01/30/2023","13","3363.7","1.15"
"01/30/2023","13","3408.7","1.22"
"01/30/2023","13","3453.7","1.42"
"01/30/2023","13","3498.7","1.62"
"01/30/2023","13","3543.7","1.82"
"01/30/2023","13","3568.7","2"
"01/30/2023","13","3760.7","2.72"
"01/30/2023","13","3822.7","2.85"
"01/30/2023","13","3832.7","3"
"01/30/2023","13","3847.7","3.01"
"01/30/2023","13","3909.7","3.15"
"01/30/2023","13","3969.7","3.6"
"01/30/2023","13","3979.7","4"
"01/30/2023","13","3994.7","4.01"
"01/30/2023","13","4054.7","4.05"
"01/30/2023","13","4118.7","4.9"
"01/30/2023","13","4181.7","5.95"
"01/30/2023","13","4414.7","8.95"
"01/30/2023","13","4641.7","23.95"
"01/30/2023","13","4668.4","50"
"01/30/2023","13","4694.8","80"
"01/30/2023","13","4703.2","100"
"01/30/2023","13","4729.6","110"
"01/30/2023","13","4755.6","140"
"01/30/2023","13","4781.3","170"
"01/30/2023","13","4806.4","200"
"01/30/2023","13","4831.5","230"
"01/30/2023","13","4856.9","260"
"01/30/2023","13","4881.5","290"
"01/30/2023","13","4907.2","320"
"01/30/2023","13","4926.8","350"
"01/30/2023","13","4945.4","380"
"01/30/2023","13","4965","410"
"01/30/2023","13","4982.6","440"
"01/30/2023","13","5004.2","470"
"01/30/2023","14","835.9",".01"
"01/30/2023","14","1082.5",".02"
"01/30/2023","14","1183.3",".03"
"01/30/2023","14","1380.1",".04"
"01/30/2023","14","1530.7",".05"
"01/30/2023","14","1777.3",".06"
"01/30/2023","14","1876.9",".07"
"01/30/2023","14","2072.5",".08"
"01/30/2023","14","2122.3",".09"
"01/30/2023","14","2172.1",".1"
"01/30/2023","14","2202.7",".25"
"01/30/2023","14","2267.3",".4"
"01/30/2023","14","2370.3",".58"
"01/30/2023","14","2414.3",".92"
"01/30/2023","14","2458.3",".94"
"01/30/2023","14","2502.3",".96"
"01/30/2023","14","2546.3",".97"
"01/30/2023","14","2793.8",".99"
"01/30/2023","14","2919.2","1.04"
"01/30/2023","14","2994.2","1.05"
"01/30/2023","14","3050.7","1.08"
"01/30/2023","14","3105.2","1.09"
"01/30/2023","14","3160.2","1.11"
"01/30/2023","14","3218.2","1.13"
"01/30/2023","14","3288.2","1.14"
"01/30/2023","14","3363.2","1.15"
"01/30/2023","14","3408.2","1.22"
"01/30/2023","14","3453.2","1.42"
"01/30/2023","14","3498.2","1.62"
"01/30/2023","14","3543.2","1.82"
"01/30/2023","14","3568.2","2"
"01/30/2023","14","3760.2","2.72"
"01/30/2023","14","3822.2","2.85"
"01/30/2023","14","3832.2","3"
"01/30/2023","14","3847.2","3.01"
"01/30/2023","14","3909.2","3.15"
"01/30/2023","14","3969.2","3.6"
"01/30/2023","14","3979.2","4"
"01/30/2023","14","3994.2","4.01"
"01/30/2023","14","4054.2","4.05"
"01/30/2023","14","4118.2","4.9"
"01/30/2023","14","4181.2","5.95"
"01/30/2023","14","4414.2","8.95"
"01/30/2023","14","4641.2","23.95"
"01/30/2023","14","4667.7","50"
"01/30/2023","14","4693.9","80"
"01/30/2023","14","4702.3","100"
"01/30/2023","14","4728.2","110"
"01/30/2023","14","4754.1","140"
"01/30/2023","14","4779.7","170"
"01/30/2023","14","4804.7","200"
"01/30/2023","14","4829.7","230"
"01/30/2023","14","4855","260"
"01/30/2023","14","4879.6","290"
"01/30/2023","14","4905.2","320"
"01/30/2023","14","4924.8","350"
"01/30/2023","14","4943.4","380"
"01/30/2023","14","4963","410"
"01/30/2023","14","4980.6","440"
"01/30/2023","14","5002.2","470"
"01/30/2023","15","996.8",".01"
"01/30/2023","15","1243.4",".02"
"01/30/2023","15","1344.2",".03"
"01/30/2023","15","1541",".04"
"01/30/2023","15","1691.6",".05"
"01/30/2023","15","1938.2",".06"
"01/30/2023","15","2037.8",".07"
"01/30/2023","15","2233.4",".08"
"01/30/2023","15","2283.2",".09"
"01/30/2023","15","2333",".1"
"01/30/2023","15","2349.6",".4"
"01/30/2023","15","2452.6",".58"
"01/30/2023","15","2496.6",".92"
"01/30/2023","15","2540.6",".94"
"01/30/2023","15","2584.6",".96"
"01/30/2023","15","2628.6",".97"
"01/30/2023","15","2810.1",".99"
"01/30/2023","15","2935.6","1.04"
"01/30/2023","15","3010.6","1.05"
"01/30/2023","15","3067.2","1.08"
"01/30/2023","15","3121.8","1.09"
"01/30/2023","15","3176.9","1.11"
"01/30/2023","15","3235","1.13"
"01/30/2023","15","3305","1.14"
"01/30/2023","15","3380","1.15"
"01/30/2023","15","3425","1.22"
"01/30/2023","15","3470","1.42"
"01/30/2023","15","3515","1.62"
"01/30/2023","15","3563","1.8"
"01/30/2023","15","3608","1.82"
"01/30/2023","15","3633","2"
"01/30/2023","15","3825","2.72"
"01/30/2023","15","3887","2.85"
"01/30/2023","15","3897","3"
"01/30/2023","15","3912","3.01"
"01/30/2023","15","3974","3.15"
"01/30/2023","15","4034","3.6"
"01/30/2023","15","4044","4"
"01/30/2023","15","4059","4.01"
"01/30/2023","15","4119","4.05"
"01/30/2023","15","4183","4.9"
"01/30/2023","15","4246","5.95"
"01/30/2023","15","4479","8.95"
"01/30/2023","15","4706","23.95"
"01/30/2023","15","4725.5","50"
"01/30/2023","15","4744.8","80"
"01/30/2023","15","4753.2","100"
"01/30/2023","15","4772.3","110"
"01/30/2023","15","4791.4","140"
"01/30/2023","15","4810","170"
"01/30/2023","15","4828.2","200"
"01/30/2023","15","4846.4","230"
"01/30/2023","15","4864.8","260"
"01/30/2023","15","4883","290"
"01/30/2023","15","4901.6","320"
"01/30/2023","15","4914.9","350"
"01/30/2023","15","4927.2","380"
"01/30/2023","15","4940.5","410"
"01/30/2023","15","4951.8","440"
"01/30/2023","15","4967.1","470"
"01/30/2023","16","990.3",".01"
"01/30/2023","16","1236.9",".02"
"01/30/2023","16","1337.7",".03"
"01/30/2023","16","1534.5",".04"
"01/30/2023","16","1685.1",".05"
"01/30/2023","16","1931.7",".06"
"01/30/2023","16","2031.3",".07"
"01/30/2023","16","2226.9",".08"
"01/30/2023","16","2276.7",".09"
"01/30/2023","16","2326.5",".1"
"01/30/2023","16","2396.5",".17"
"01/30/2023","16","2413.1",".4"
"01/30/2023","16","2516.1",".58"
"01/30/2023","16","2560.1",".92"
"01/30/2023","16","2604.1",".94"
"01/30/2023","16","2648.1",".96"
"01/30/2023","16","2692.1",".97"
"01/30/2023","16","2876.6",".99"
"01/30/2023","16","3002.3","1.04"
"01/30/2023","16","3077.3","1.05"
"01/30/2023","16","3134.1","1.08"
"01/30/2023","16","3188.9","1.09"
"01/30/2023","16","3244.1","1.11"
"01/30/2023","16","3302.4","1.13"
"01/30/2023","16","3372.4","1.14"
"01/30/2023","16","3447.4","1.15"
"01/30/2023","16","3492.4","1.22"
"01/30/2023","16","3537.4","1.42"
"01/30/2023","16","3582.4","1.62"
"01/30/2023","16","3627.4","1.82"
"01/30/2023","16","3652.4","2"
"01/30/2023","16","3700.4","2.04"
"01/30/2023","16","3892.4","2.72"
"01/30/2023","16","3954.4","2.85"
"01/30/2023","16","3964.4","3"
"01/30/2023","16","3979.4","3.01"
"01/30/2023","16","4041.4","3.15"
"01/30/2023","16","4101.4","3.6"
"01/30/2023","16","4111.4","4"
"01/30/2023","16","4126.4","4.01"
"01/30/2023","16","4186.4","4.05"
"01/30/2023","16","4250.4","4.9"
"01/30/2023","16","4313.4","5.95"
"01/30/2023","16","4546.4","10.95"
"01/30/2023","16","4773.4","25.95"
"01/30/2023","16","4793.1","50"
"01/30/2023","16","4812.6","80"
"01/30/2023","16","4821","100"
"01/30/2023","16","4840.3","110"
"01/30/2023","16","4859.6","140"
"01/30/2023","16","4878.4","170"
"01/30/2023","16","4896.7","200"
"01/30/2023","16","4915","230"
"01/30/2023","16","4933.6","260"
"01/30/2023","16","4951.2","290"
"01/30/2023","16","4970","320"
"01/30/2023","16","4983.6","350"
"01/30/2023","16","4996.2","380"
"01/30/2023","16","5008.8","410"
"01/30/2023","16","5020.4","440"
"01/30/2023","16","5035","470"
"01/30/2023","17","997.8",".01"
"01/30/2023","17","1244.4",".02"
"01/30/2023","17","1345.2",".03"
"01/30/2023","17","1542",".04"
"01/30/2023","17","1692.6",".05"
"01/30/2023","17","1939.2",".06"
"01/30/2023","17","2038.8",".07"
"01/30/2023","17","2234.4",".08"
"01/30/2023","17","2284.2",".09"
"01/30/2023","17","2334",".1"
"01/30/2023","17","2404",".17"
"01/30/2023","17","2420.6",".4"
"01/30/2023","17","2523.6",".58"
"01/30/2023","17","2567.6",".92"
"01/30/2023","17","2611.6",".94"
"01/30/2023","17","2655.6",".96"
"01/30/2023","17","2699.6",".97"
"01/30/2023","17","2879.6",".99"
"01/30/2023","17","3005.4","1.04"
"01/30/2023","17","3080.4","1.05"
"01/30/2023","17","3137.3","1.08"
"01/30/2023","17","3192.2","1.09"
"01/30/2023","17","3247.5","1.11"
"01/30/2023","17","3305.9","1.13"
"01/30/2023","17","3375.9","1.14"
"01/30/2023","17","3450.9","1.15"
"01/30/2023","17","3495.9","1.22"
"01/30/2023","17","3540.9","1.42"
"01/30/2023","17","3585.9","1.62"
"01/30/2023","17","3630.9","1.82"
"01/30/2023","17","3678.9","2.51"
"01/30/2023","17","3870.9","2.72"
"01/30/2023","17","3932.9","2.85"
"01/30/2023","17","3994.9","3.15"
"01/30/2023","17","4054.9","3.6"
"01/30/2023","17","4114.9","4.05"
"01/30/2023","17","4178.9","4.9"
"01/30/2023","17","4190.9","7"
"01/30/2023","17","4253.9","7.5"
"01/30/2023","17","4486.9","15.5"
"01/30/2023","17","4713.9","30.5"
"01/30/2023","17","4728.9","36.5"
"01/30/2023","17","4743.9","37.5"
"01/30/2023","17","4753.9","48.99"
"01/30/2023","17","4773.4","50"
"01/30/2023","17","4783.4","51.99"
"01/30/2023","17","4802.7","80"
"01/30/2023","17","4811.1","100"
"01/30/2023","17","4830.2","110"
"01/30/2023","17","4849.3","140"
"01/30/2023","17","4867.9","170"
"01/30/2023","17","4886","200"
"01/30/2023","17","4904.1","230"
"01/30/2023","17","4922.5","260"
"01/30/2023","17","4939.9","290"
"01/30/2023","17","4958.5","320"
"01/30/2023","17","4971.9","350"
"01/30/2023","17","4984.3","380"
"01/30/2023","17","4996.7","410"
"01/30/2023","17","5008.1","440"
"01/30/2023","17","5022.5","470"
"01/30/2023","18","961.3",".01"
"01/30/2023","18","1108.3",".02"
"01/30/2023","18","1159.3",".03"
"01/30/2023","18","1210.3",".04"
"01/30/2023","18","1309.9",".05"
"01/30/2023","18","1460.5",".06"
"01/30/2023","18","1510.3",".07"
"01/30/2023","18","1656.1",".08"
"01/30/2023","18","1705.9",".09"
"01/30/2023","18","1775.9",".17"
"01/30/2023","18","1789.4",".4"
"01/30/2023","18","1833.4",".92"
"01/30/2023","18","1877.4",".94"
"01/30/2023","18","1921.4",".96"
"01/30/2023","18","1965.4",".97"
"01/30/2023","18","2091.5","1.04"
"01/30/2023","18","2166.5","1.05"
"01/30/2023","18","2223.7","1.08"
"01/30/2023","18","2278.9","1.09"
"01/30/2023","18","2334.5","1.11"
"01/30/2023","18","2393.2","1.13"
"01/30/2023","18","2463.2","1.14"
"01/30/2023","18","2538.2","1.15"
"01/30/2023","18","2583.2","1.22"
"01/30/2023","18","2628.2","1.42"
"01/30/2023","18","2673.2","1.62"
"01/30/2023","18","2718.2","1.82"
"01/30/2023","18","2912.2","2.72"
"01/30/2023","18","2924.2","7"
"01/30/2023","18","2972.2","8.44"
"01/30/2023","18","2978.5","10.53"
"01/30/2023","18","2984.8","10.87"
"01/30/2023","18","2991","11.22"
"01/30/2023","18","2997.2","11.56"
"01/30/2023","18","3003.4","11.91"
"01/30/2023","18","3065.4","12.15"
"01/30/2023","18","3071.6","12.25"
"01/30/2023","18","3133.6","12.45"
"01/30/2023","18","3139.8","12.6"
"01/30/2023","18","3199.8","12.9"
"01/30/2023","18","3206","12.94"
"01/30/2023","18","3212","13.28"
"01/30/2023","18","3272","13.35"
"01/30/2023","18","3278","13.63"
"01/30/2023","18","3283.8","13.97"
"01/30/2023","18","3347.8","14.2"
"01/30/2023","18","3353.6","14.32"
"01/30/2023","18","3359.4","14.66"
"01/30/2023","18","3365.2","15.01"
"01/30/2023","18","3371.1","15.35"
"01/30/2023","18","3377","15.7"
"01/30/2023","18","3382.8","16.04"
"01/30/2023","18","3388.6","16.38"
"01/30/2023","18","3394.6","16.73"
"01/30/2023","18","3457.6","16.8"
"01/30/2023","18","3463.6","17.07"
"01/30/2023","18","3469","17.42"
"01/30/2023","18","3474.4","17.76"
"01/30/2023","18","3479.8","18.11"
"01/30/2023","18","3485.2","18.45"
"01/30/2023","18","3490.6","18.79"
"01/30/2023","18","3496","19.14"
"01/30/2023","18","3501.4","19.48"
"01/30/2023","18","3506.8","19.83"
"01/30/2023","18","3512.4","20.17"
"01/30/2023","18","3518","20.52"
"01/30/2023","18","3751","24.8"
"01/30/2023","18","3978","39.8"
"01/30/2023","18","3996.8","50"
"01/30/2023","18","4011.8","54.92"
"01/30/2023","18","4026.8","57.92"
"01/30/2023","18","4036.8","60.55"
"01/30/2023","18","4046.8","63.55"
"01/30/2023","18","4065.4","80"
"01/30/2023","18","4073.8","100"
"01/30/2023","18","4092.1","110"
"01/30/2023","18","4110.4","140"
"01/30/2023","18","4128.3","170"
"01/30/2023","18","4145.8","200"
"01/30/2023","18","4163.3","230"
"01/30/2023","18","4181","260"
"01/30/2023","18","4198.5","290"
"01/30/2023","18","4216.4","320"
"01/30/2023","18","4229.9","350"
"01/30/2023","18","4242.4","380"
"01/30/2023","18","4254.9","410"
"01/30/2023","18","4266.4","440"
"01/30/2023","18","4280.5","470"
"01/30/2023","19","837.6",".01"
"01/30/2023","19","984.6",".02"
"01/30/2023","19","1035.6",".03"
"01/30/2023","19","1086.6",".04"
"01/30/2023","19","1186.2",".05"
"01/30/2023","19","1336.8",".06"
"01/30/2023","19","1386.6",".07"
"01/30/2023","19","1532.4",".08"
"01/30/2023","19","1582.2",".09"
"01/30/2023","19","1652.2",".17"
"01/30/2023","19","1675.6",".25"
"01/30/2023","19","1689.1",".4"
"01/30/2023","19","1733.1",".92"
"01/30/2023","19","1777.1",".94"
"01/30/2023","19","1821.1",".96"
"01/30/2023","19","1865.1",".97"
"01/30/2023","19","2088.6",".99"
"01/30/2023","19","2214.8","1.04"
"01/30/2023","19","2289.8","1.05"
"01/30/2023","19","2347.1","1.08"
"01/30/2023","19","2402.5","1.09"
"01/30/2023","19","2458.2","1.11"
"01/30/2023","19","2517.1","1.13"
"01/30/2023","19","2587.1","1.14"
"01/30/2023","19","2662.1","1.15"
"01/30/2023","19","2707.1","1.22"
"01/30/2023","19","2752.1","1.42"
"01/30/2023","19","2797.1","1.62"
"01/30/2023","19","2842.1","1.82"
"01/30/2023","19","3038.1","2.72"
"01/30/2023","19","3086.1","4.26"
"01/30/2023","19","3098.1","7"
"01/30/2023","19","3160.1","12.15"
"01/30/2023","19","3222.1","12.45"
"01/30/2023","19","3282.1","12.9"
"01/30/2023","19","3342.1","13.35"
"01/30/2023","19","3406.1","14.2"
"01/30/2023","19","3469.1","16.8"
"01/30/2023","19","3702.1","24.8"
"01/30/2023","19","3929.1","39.8"
"01/30/2023","19","3953.3","50"
"01/30/2023","19","3968.3","54.25"
"01/30/2023","19","3983.3","57.25"
"01/30/2023","19","3993.3","61.46"
"01/30/2023","19","4003.3","64.46"
"01/30/2023","19","4027.2","80"
"01/30/2023","19","4035.6","100"
"01/30/2023","19","4059.2","110"
"01/30/2023","19","4082.8","140"
"01/30/2023","19","4105.9","170"
"01/30/2023","19","4128.4","200"
"01/30/2023","19","4150.9","230"
"01/30/2023","19","4173.7","260"
"01/30/2023","19","4195.5","290"
"01/30/2023","19","4218.6","320"
"01/30/2023","19","4236.4","350"
"01/30/2023","19","4253.2","380"
"01/30/2023","19","4270","410"
"01/30/2023","19","4285.8","440"
"01/30/2023","19","4304.6","470"
"01/30/2023","20","840",".01"
"01/30/2023","20","987",".02"
"01/30/2023","20","1038",".03"
"01/30/2023","20","1089",".04"
"01/30/2023","20","1188.6",".05"
"01/30/2023","20","1339.2",".06"
"01/30/2023","20","1389",".07"
"01/30/2023","20","1534.8",".08"
"01/30/2023","20","1584.6",".09"
"01/30/2023","20","1654.6",".17"
"01/30/2023","20","1680.1",".25"
"01/30/2023","20","1693.6",".4"
"01/30/2023","20","1737.6",".92"
"01/30/2023","20","1781.6",".94"
"01/30/2023","20","1825.6",".96"
"01/30/2023","20","1869.6",".97"
"01/30/2023","20","2003.1",".99"
"01/30/2023","20","2006.3","1.01"
"01/30/2023","20","2136.1","1.04"
"01/30/2023","20","2211.1","1.05"
"01/30/2023","20","2214.3","1.07"
"01/30/2023","20","2272","1.08"
"01/30/2023","20","2327.7","1.09"
"01/30/2023","20","2330.9","1.1"
"01/30/2023","20","2386.9","1.11"
"01/30/2023","20","2449.2","1.13"
"01/30/2023","20","2519.2","1.14"
"01/30/2023","20","2594.2","1.15"
"01/30/2023","20","2597.3","1.16"
"01/30/2023","20","2600.4","1.2"
"01/30/2023","20","2645.4","1.22"
"01/30/2023","20","2648.5","1.23"
"01/30/2023","20","2651.5","1.26"
"01/30/2023","20","2654.5","1.29"
"01/30/2023","20","2657.5","1.32"
"01/30/2023","20","2660.5","1.35"
"01/30/2023","20","2663.5","1.38"
"01/30/2023","20","2666.5","1.41"
"01/30/2023","20","2711.5","1.42"
"01/30/2023","20","2714.5","1.44"
"01/30/2023","20","2717.5","1.47"
"01/30/2023","20","2720.5","1.51"
"01/30/2023","20","2723.5","1.54"
"01/30/2023","20","2771.5","1.55"
"01/30/2023","20","2774.5","1.57"
"01/30/2023","20","2777.5","1.6"
"01/30/2023","20","2822.5","1.62"
"01/30/2023","20","2825.3","1.63"
"01/30/2023","20","2828.1","1.66"
"01/30/2023","20","2830.9","1.69"
"01/30/2023","20","2833.7","1.72"
"01/30/2023","20","2836.5","1.75"
"01/30/2023","20","2839.3","1.78"
"01/30/2023","20","2887","1.82"
"01/30/2023","20","2889.7","1.85"
"01/30/2023","20","2892.5","1.88"
"01/30/2023","20","2895.3","1.91"
"01/30/2023","20","3093.3","2.72"
"01/30/2023","20","3105.3","7"
"01/30/2023","20","3167.3","12.15"
"01/30/2023","20","3229.3","12.45"
"01/30/2023","20","3289.3","12.9"
"01/30/2023","20","3349.3","13.35"
"01/30/2023","20","3413.3","14.2"
"01/30/2023","20","3476.3","16.8"
"01/30/2023","20","3709.3","24.8"
"01/30/2023","20","3936.3","39.8"
"01/30/2023","20","3951.3","41.09"
"01/30/2023","20","3966.3","44.09"
"01/30/2023","20","3990.2","50"
"01/30/2023","20","4000.2","56.2"
"01/30/2023","20","4010.2","59.2"
"01/30/2023","20","4033.9","80"
"01/30/2023","20","4042.3","100"
"01/30/2023","20","4065.7","110"
"01/30/2023","20","4089.1","140"
"01/30/2023","20","4111.9","170"
"01/30/2023","20","4134.2","200"
"01/30/2023","20","4156.5","230"
"01/30/2023","20","4179","260"
"01/30/2023","20","4200.4","290"
"01/30/2023","20","4223.2","320"
"01/30/2023","20","4241","350"
"01/30/2023","20","4257.8","380"
"01/30/2023","20","4275.6","410"
"01/30/2023","20","4291.6","440"
"01/30/2023","20","4311.4","470"
"01/30/2023","21","890.7",".01"
"01/30/2023","21","1137.3",".02"
"01/30/2023","21","1238.1",".03"
"01/30/2023","21","1338.9",".04"
"01/30/2023","21","1489.5",".05"
"01/30/2023","21","1640.1",".06"
"01/30/2023","21","1689.9",".07"
"01/30/2023","21","1835.7",".08"
"01/30/2023","21","1885.5",".09"
"01/30/2023","21","1935.3",".1"
"01/30/2023","21","2005.3",".17"
"01/30/2023","21","2031.2",".25"
"01/30/2023","21","2044.7",".4"
"01/30/2023","21","2092.7",".51"
"01/30/2023","21","2136.7",".92"
"01/30/2023","21","2180.7",".94"
"01/30/2023","21","2224.7",".96"
"01/30/2023","21","2268.7",".97"
"01/30/2023","21","2492.2",".99"
"01/30/2023","21","2618.9","1.04"
"01/30/2023","21","2693.9","1.05"
"01/30/2023","21","2751.7","1.08"
"01/30/2023","21","2807.6","1.09"
"01/30/2023","21","2863.7","1.11"
"01/30/2023","21","2923.1","1.13"
"01/30/2023","21","2993.1","1.14"
"01/30/2023","21","3068.1","1.15"
"01/30/2023","21","3113.1","1.22"
"01/30/2023","21","3158.1","1.42"
"01/30/2023","21","3203.1","1.62"
"01/30/2023","21","3248.1","1.82"
"01/30/2023","21","3446.1","2.72"
"01/30/2023","21","3508.1","4.15"
"01/30/2023","21","3570.1","4.45"
"01/30/2023","21","3630.1","4.9"
"01/30/2023","21","3690.1","5.35"
"01/30/2023","21","3754.1","6.2"
"01/30/2023","21","3766.1","7"
"01/30/2023","21","3829.1","8.8"
"01/30/2023","21","4062.1","16.8"
"01/30/2023","21","4289.1","31.8"
"01/30/2023","21","4304.1","38.69"
"01/30/2023","21","4319.1","41.69"
"01/30/2023","21","4329.1","49.88"
"01/30/2023","21","4353.1","50"
"01/30/2023","21","4363.1","52.88"
"01/30/2023","21","4386.8","80"
"01/30/2023","21","4395.2","100"
"01/30/2023","21","4418.6","110"
"01/30/2023","21","4442","140"
"01/30/2023","21","4464.9","170"
"01/30/2023","21","4487.2","200"
"01/30/2023","21","4509.5","230"
"01/30/2023","21","4532.1","260"
"01/30/2023","21","4554.4","290"
"01/30/2023","21","4577.3","320"
"01/30/2023","21","4594.7","350"
"01/30/2023","21","4611.1","380"
"01/30/2023","21","4628.5","410"
"01/30/2023","21","4643.9","440"
"01/30/2023","21","4663.3","470"
"01/30/2023","22","882.3",".01"
"01/30/2023","22","1128.9",".02"
"01/30/2023","22","1229.7",".03"
"01/30/2023","22","1426.5",".04"
"01/30/2023","22","1577.1",".05"
"01/30/2023","22","1823.7",".06"
"01/30/2023","22","1873.5",".07"
"01/30/2023","22","2019.3",".08"
"01/30/2023","22","2069.1",".09"
"01/30/2023","22","2118.9",".1"
"01/30/2023","22","2144.9",".25"
"01/30/2023","22","2161.5",".4"
"01/30/2023","22","2264.5",".58"
"01/30/2023","22","2308.5",".92"
"01/30/2023","22","2352.5",".94"
"01/30/2023","22","2396.5",".96"
"01/30/2023","22","2440.5",".97"
"01/30/2023","22","2667",".99"
"01/30/2023","22","2715","1"
"01/30/2023","22","2841.9","1.04"
"01/30/2023","22","2916.9","1.05"
"01/30/2023","22","2974.9","1.08"
"01/30/2023","22","3031.1","1.09"
"01/30/2023","22","3087.4","1.11"
"01/30/2023","22","3147.1","1.13"
"01/30/2023","22","3217.1","1.14"
"01/30/2023","22","3292.1","1.15"
"01/30/2023","22","3337.1","1.22"
"01/30/2023","22","3382.1","1.42"
"01/30/2023","22","3427.1","1.62"
"01/30/2023","22","3472.1","1.82"
"01/30/2023","22","3671.1","2.72"
"01/30/2023","22","3733.1","4.15"
"01/30/2023","22","3795.1","4.45"
"01/30/2023","22","3855.1","4.9"
"01/30/2023","22","3915.1","5.35"
"01/30/2023","22","3979.1","6.2"
"01/30/2023","22","3991.1","7"
"01/30/2023","22","4054.1","7.25"
"01/30/2023","22","4287.1","15.25"
"01/30/2023","22","4514.1","30.25"
"01/30/2023","22","4529.1","31.98"
"01/30/2023","22","4544.1","32.98"
"01/30/2023","22","4554.1","42.64"
"01/30/2023","22","4564.1","45.64"
"01/30/2023","22","4588.5","50"
"01/30/2023","22","4612.6","80"
"01/30/2023","22","4621","100"
"01/30/2023","22","4644.8","110"
"01/30/2023","22","4668.6","140"
"01/30/2023","22","4691.8","170"
"01/30/2023","22","4714.4","200"
"01/30/2023","22","4737","230"
"01/30/2023","22","4759.9","260"
"01/30/2023","22","4782.5","290"
"01/30/2023","22","4805.7","320"
"01/30/2023","22","4823.5","350"
"01/30/2023","22","4840.3","380"
"01/30/2023","22","4858.1","410"
"01/30/2023","22","4873.9","440"
"01/30/2023","22","4893.7","470"
"01/30/2023","23","869.5",".01"
"01/30/2023","23","1116.3",".02"
"01/30/2023","23","1217.1",".03"
"01/30/2023","23","1414.1",".04"
"01/30/2023","23","1564.7",".05"
"01/30/2023","23","1811.5",".06"
"01/30/2023","23","1911.1",".07"
"01/30/2023","23","2106.9",".08"
"01/30/2023","23","2156.7",".09"
"01/30/2023","23","2206.5",".1"
"01/30/2023","23","2337",".25"
"01/30/2023","23","2353.6",".4"
"01/30/2023","23","2401.6",".53"
"01/30/2023","23","2445.6",".92"
"01/30/2023","23","2489.6",".94"
"01/30/2023","23","2533.6",".96"
"01/30/2023","23","2577.6",".97"
"01/30/2023","23","2811.6",".99"
"01/30/2023","23","2938.5","1.04"
"01/30/2023","23","3013.5","1.05"
"01/30/2023","23","3071.5","1.08"
"01/30/2023","23","3127.7","1.09"
"01/30/2023","23","3184","1.11"
"01/30/2023","23","3243.7","1.13"
"01/30/2023","23","3313.7","1.14"
"01/30/2023","23","3388.7","1.15"
"01/30/2023","23","3433.7","1.22"
"01/30/2023","23","3478.7","1.42"
"01/30/2023","23","3523.7","1.62"
"01/30/2023","23","3568.7","1.82"
"01/30/2023","23","3593.7","2"
"01/30/2023","23","3793.7","2.72"
"01/30/2023","23","3803.7","3"
"01/30/2023","23","3818.7","3.01"
"01/30/2023","23","3828.7","4"
"01/30/2023","23","3843.7","4.01"
"01/30/2023","23","3905.7","4.15"
"01/30/2023","23","3967.7","4.45"
"01/30/2023","23","4027.7","4.9"
"01/30/2023","23","4087.7","5.35"
"01/30/2023","23","4151.7","6.2"
"01/30/2023","23","4214.7","7.25"
"01/30/2023","23","4447.7","10.25"
"01/30/2023","23","4674.7","25.25"
"01/30/2023","23","4708.2","50"
"01/30/2023","23","4733","80"
"01/30/2023","23","4757.8","110"
"01/30/2023","23","4782.3","140"
"01/30/2023","23","4806.5","170"
"01/30/2023","23","4830.1","200"
"01/30/2023","23","4853.3","230"
"01/30/2023","23","4877.2","260"
"01/30/2023","23","4900.4","290"
"01/30/2023","23","4924.6","320"
"01/30/2023","23","4942.8","350"
"01/30/2023","23","4960","380"
"01/30/2023","23","4978.2","410"
"01/30/2023","23","4994.4","440"
"01/30/2023","23","5014.6","470"
"01/30/2023","24","867.9",".01"
"01/30/2023","24","1114.7",".02"
"01/30/2023","24","1215.5",".03"
"01/30/2023","24","1412.5",".04"
"01/30/2023","24","1563.1",".05"
"01/30/2023","24","1809.9",".06"
"01/30/2023","24","1909.5",".07"
"01/30/2023","24","2105.3",".08"
"01/30/2023","24","2155.1",".09"
"01/30/2023","24","2204.9",".1"
"01/30/2023","24","2336.1",".25"
"01/30/2023","24","2352.7",".4"
"01/30/2023","24","2400.7",".61"
"01/30/2023","24","2444.7",".92"
"01/30/2023","24","2488.7",".94"
"01/30/2023","24","2532.7",".96"
"01/30/2023","24","2576.7",".97"
"01/30/2023","24","2812.2",".99"
"01/30/2023","24","2939.1","1.04"
"01/30/2023","24","3014.1","1.05"
"01/30/2023","24","3072.1","1.08"
"01/30/2023","24","3128.3","1.09"
"01/30/2023","24","3184.6","1.11"
"01/30/2023","24","3244.3","1.13"
"01/30/2023","24","3314.3","1.14"
"01/30/2023","24","3389.3","1.15"
"01/30/2023","24","3434.3","1.22"
"01/30/2023","24","3479.3","1.42"
"01/30/2023","24","3524.3","1.62"
"01/30/2023","24","3569.3","1.82"
"01/30/2023","24","3594.3","2"
"01/30/2023","24","3794.3","2.72"
"01/30/2023","24","3804.3","3"
"01/30/2023","24","3819.3","3.01"
"01/30/2023","24","3829.3","4"
"01/30/2023","24","3844.3","4.01"
"01/30/2023","24","3906.3","4.15"
"01/30/2023","24","3968.3","4.45"
"01/30/2023","24","4028.3","4.9"
"01/30/2023","24","4088.3","5.35"
"01/30/2023","24","4152.3","6.2"
"01/30/2023","24","4215.3","7.25"
"01/30/2023","24","4448.3","10.25"
"01/30/2023","24","4675.3","25.25"
"01/30/2023","24","4708.9","50"
"01/30/2023","24","4733.8","80"
"01/30/2023","24","4758.7","110"
"01/30/2023","24","4783.6","140"
"01/30/2023","24","4807.9","170"
"01/30/2023","24","4831.6","200"
"01/30/2023","24","4854.8","230"
"01/30/2023","24","4878.8","260"
"01/30/2023","24","4902","290"
"01/30/2023","24","4926.3","320"
"01/30/2023","24","4945.5","350"
"01/30/2023","24","4962.7","380"
"01/30/2023","24","4980.9","410"
"01/30/2023","24","4997.1","440"
"01/30/2023","24","5017.3","470"
