"Delivery Date","Hour Ending","MW Offered","RRSPFR Offer Price"
"02/03/2023","01","124.7","0"
"02/03/2023","01","149.5",".01"
"02/03/2023","01","155.5",".29"
"02/03/2023","01","161.5",".49"
"02/03/2023","01","191.2",".5"
"02/03/2023","01","247.2",".63"
"02/03/2023","01","260.2",".73"
"02/03/2023","01","275.2",".75"
"02/03/2023","01","302.2",".78"
"02/03/2023","01","373.2",".79"
"02/03/2023","01","400.2",".8"
"02/03/2023","01","443.2",".81"
"02/03/2023","01","456.2",".82"
"02/03/2023","01","516.2",".89"
"02/03/2023","01","556.2",".95"
"02/03/2023","01","598.2",".99"
"02/03/2023","01","829.2","1"
"02/03/2023","01","950.6","1.2"
"02/03/2023","01","991.8","1.21"
"02/03/2023","01","1086.8","1.25"
"02/03/2023","01","1186.8","1.26"
"02/03/2023","01","1296.3","1.29"
"02/03/2023","01","1356.3","1.3"
"02/03/2023","01","1398.3","1.31"
"02/03/2023","01","1431.8","1.49"
"02/03/2023","01","1459.8","1.5"
"02/03/2023","01","1507.8","1.56"
"02/03/2023","01","1559.6","1.6"
"02/03/2023","01","1619.6","1.89"
"02/03/2023","01","1668.1","1.95"
"02/03/2023","01","1712.1","1.98"
"02/03/2023","01","1762.4","2"
"02/03/2023","01","1779.2","2.01"
"02/03/2023","01","1820.2","2.11"
"02/03/2023","01","1834.2","2.15"
"02/03/2023","01","1854.2","2.29"
"02/03/2023","01","1874.2","2.32"
"02/03/2023","01","1888.4","2.4"
"02/03/2023","01","1925.4","2.49"
"02/03/2023","01","1978.5","2.81"
"02/03/2023","01","2018.5","2.89"
"02/03/2023","01","2035","2.91"
"02/03/2023","01","2147","3"
"02/03/2023","01","2167","3.23"
"02/03/2023","01","2177","3.39"
"02/03/2023","01","2187","3.45"
"02/03/2023","01","2207","3.94"
"02/03/2023","01","2214.5","3.96"
"02/03/2023","01","2224.5","4"
"02/03/2023","01","2232","4.11"
"02/03/2023","01","2246","4.32"
"02/03/2023","01","2318","4.45"
"02/03/2023","01","2332","4.62"
"02/03/2023","01","2339.5","4.91"
"02/03/2023","01","2373.5","4.95"
"02/03/2023","01","2478.5","5"
"02/03/2023","01","2486","5.13"
"02/03/2023","01","2506","5.42"
"02/03/2023","01","2520","5.62"
"02/03/2023","01","2543.5","5.69"
"02/03/2023","01","2563.5","6.08"
"02/03/2023","01","2577.5","6.36"
"02/03/2023","01","2585","7.52"
"02/03/2023","01","2592.5","7.7"
"02/03/2023","01","2607.5","7.71"
"02/03/2023","01","2627.5","8.04"
"02/03/2023","01","2643.5","8.23"
"02/03/2023","01","2658.5","8.35"
"02/03/2023","01","2673.5","8.42"
"02/03/2023","01","2688.5","8.46"
"02/03/2023","01","2703.5","8.5"
"02/03/2023","01","2726","8.52"
"02/03/2023","01","2748.5","8.83"
"02/03/2023","01","2768.5","9.13"
"02/03/2023","01","2780.5","9.46"
"02/03/2023","01","2803","9.58"
"02/03/2023","01","2823","9.73"
"02/03/2023","01","2845.5","9.89"
"02/03/2023","01","2857.5","9.9"
"02/03/2023","01","2877.5","9.99"
"02/03/2023","01","2884.5","10"
"02/03/2023","01","2944.5","10.03"
"02/03/2023","01","2959.5","10.08"
"02/03/2023","01","2974.5","10.15"
"02/03/2023","01","2989.5","10.31"
"02/03/2023","01","2997","10.36"
"02/03/2023","01","3012","10.4"
"02/03/2023","01","3084","10.45"
"02/03/2023","01","3099","10.47"
"02/03/2023","01","3114","10.55"
"02/03/2023","01","3121.5","10.84"
"02/03/2023","01","3141.5","10.95"
"02/03/2023","01","3153.5","11.11"
"02/03/2023","01","3173","11.36"
"02/03/2023","01","3180.5","11.63"
"02/03/2023","01","3188","12.44"
"02/03/2023","01","3195.5","13.52"
"02/03/2023","01","3210.5","14.15"
"02/03/2023","01","3225.5","14.17"
"02/03/2023","01","3228.5","15"
"02/03/2023","01","3243.5","15.64"
"02/03/2023","01","3258.5","15.66"
"02/03/2023","01","3330.5","16.45"
"02/03/2023","01","3333.5","20"
"02/03/2023","01","3336.5","25"
"02/03/2023","01","3341.5","26.19"
"02/03/2023","01","3398.5","31.45"
"02/03/2023","01","3400.5","34.19"
"02/03/2023","01","3411.5","37.91"
"02/03/2023","01","3433.5","50.69"
"02/03/2023","01","3463.5","100"
"02/03/2023","01","3503.5","400"
"02/03/2023","01","3503.6","5000"
"02/03/2023","02","124.7","0"
"02/03/2023","02","149.5",".01"
"02/03/2023","02","155.5",".29"
"02/03/2023","02","161.5",".49"
"02/03/2023","02","191.2",".5"
"02/03/2023","02","247.2",".63"
"02/03/2023","02","267.2",".72"
"02/03/2023","02","280.2",".73"
"02/03/2023","02","295.2",".75"
"02/03/2023","02","322.2",".78"
"02/03/2023","02","393.2",".79"
"02/03/2023","02","420.2",".8"
"02/03/2023","02","463.2",".81"
"02/03/2023","02","476.2",".82"
"02/03/2023","02","536.2",".89"
"02/03/2023","02","618.2",".99"
"02/03/2023","02","849.2","1"
"02/03/2023","02","970.6","1.2"
"02/03/2023","02","1027.8","1.21"
"02/03/2023","02","1125.8","1.25"
"02/03/2023","02","1254.8","1.26"
"02/03/2023","02","1361.3","1.29"
"02/03/2023","02","1421.3","1.3"
"02/03/2023","02","1463.3","1.31"
"02/03/2023","02","1467.8","1.49"
"02/03/2023","02","1519.8","1.5"
"02/03/2023","02","1567.8","1.56"
"02/03/2023","02","1619.6","1.6"
"02/03/2023","02","1639.6","1.63"
"02/03/2023","02","1649.6","1.85"
"02/03/2023","02","1709.6","1.89"
"02/03/2023","02","1758.1","1.95"
"02/03/2023","02","1802.1","1.98"
"02/03/2023","02","1852.4","2"
"02/03/2023","02","1869.2","2.01"
"02/03/2023","02","1910.2","2.11"
"02/03/2023","02","1930.2","2.29"
"02/03/2023","02","1950.2","2.34"
"02/03/2023","02","1964.4","2.4"
"02/03/2023","02","1971.9","2.47"
"02/03/2023","02","2008.9","2.49"
"02/03/2023","02","2016.4","2.51"
"02/03/2023","02","2030.4","2.72"
"02/03/2023","02","2067.5","2.81"
"02/03/2023","02","2107.5","2.89"
"02/03/2023","02","2124","2.91"
"02/03/2023","02","2236","3"
"02/03/2023","02","2246","3.39"
"02/03/2023","02","2253.5","3.42"
"02/03/2023","02","2261","3.53"
"02/03/2023","02","2281","3.82"
"02/03/2023","02","2291","4"
"02/03/2023","02","2319","4.02"
"02/03/2023","02","2391","4.45"
"02/03/2023","02","2411","4.48"
"02/03/2023","02","2425","4.76"
"02/03/2023","02","2459","4.95"
"02/03/2023","02","2564","5"
"02/03/2023","02","2587.5","5.69"
"02/03/2023","02","2595","5.92"
"02/03/2023","02","2602.5","5.99"
"02/03/2023","02","2617.5","6.11"
"02/03/2023","02","2637.5","6.44"
"02/03/2023","02","2653.5","6.63"
"02/03/2023","02","2668.5","6.75"
"02/03/2023","02","2683.5","6.82"
"02/03/2023","02","2698.5","6.86"
"02/03/2023","02","2713.5","6.9"
"02/03/2023","02","2736","6.95"
"02/03/2023","02","2758.5","7.23"
"02/03/2023","02","2778.5","7.53"
"02/03/2023","02","2790.5","7.86"
"02/03/2023","02","2813","8.02"
"02/03/2023","02","2833","8.13"
"02/03/2023","02","2855.5","8.29"
"02/03/2023","02","2867.5","8.3"
"02/03/2023","02","2882.5","8.48"
"02/03/2023","02","2897.5","8.55"
"02/03/2023","02","2912.5","8.71"
"02/03/2023","02","2927.5","8.8"
"02/03/2023","02","2950","8.87"
"02/03/2023","02","2965","8.95"
"02/03/2023","02","2992.5","9.35"
"02/03/2023","02","3004.5","9.51"
"02/03/2023","02","3024","9.76"
"02/03/2023","02","3044","9.99"
"02/03/2023","02","3051","10"
"02/03/2023","02","3058.5","10.03"
"02/03/2023","02","3118.5","10.05"
"02/03/2023","02","3190.5","10.45"
"02/03/2023","02","3198","10.95"
"02/03/2023","02","3205.5","11.92"
"02/03/2023","02","3220.5","12.55"
"02/03/2023","02","3235.5","12.57"
"02/03/2023","02","3250.5","14.04"
"02/03/2023","02","3265.5","14.06"
"02/03/2023","02","3268.5","15"
"02/03/2023","02","3340.5","16.45"
"02/03/2023","02","3343.5","20"
"02/03/2023","02","3346.5","25"
"02/03/2023","02","3351.5","26.97"
"02/03/2023","02","3408.5","31.45"
"02/03/2023","02","3419.5","31.89"
"02/03/2023","02","3421.5","34.97"
"02/03/2023","02","3443.5","50.69"
"02/03/2023","02","3473.5","100"
"02/03/2023","02","3513.5","400"
"02/03/2023","02","3513.6","5000"
"02/03/2023","03","124.7","0"
"02/03/2023","03","149.5",".01"
"02/03/2023","03","155.5",".29"
"02/03/2023","03","161.5",".49"
"02/03/2023","03","191.2",".5"
"02/03/2023","03","247.2",".63"
"02/03/2023","03","267.2",".69"
"02/03/2023","03","280.2",".73"
"02/03/2023","03","295.2",".75"
"02/03/2023","03","322.2",".78"
"02/03/2023","03","393.2",".79"
"02/03/2023","03","420.2",".8"
"02/03/2023","03","463.2",".81"
"02/03/2023","03","476.2",".82"
"02/03/2023","03","536.2",".89"
"02/03/2023","03","576.2",".98"
"02/03/2023","03","618.2",".99"
"02/03/2023","03","849.2","1"
"02/03/2023","03","878.2","1.04"
"02/03/2023","03","894.2","1.18"
"02/03/2023","03","1015.6","1.2"
"02/03/2023","03","1056.8","1.21"
"02/03/2023","03","1151.8","1.25"
"02/03/2023","03","1251.8","1.26"
"02/03/2023","03","1361.3","1.29"
"02/03/2023","03","1421.3","1.3"
"02/03/2023","03","1463.3","1.31"
"02/03/2023","03","1467.8","1.49"
"02/03/2023","03","1515.8","1.5"
"02/03/2023","03","1529.8","1.52"
"02/03/2023","03","1577.8","1.56"
"02/03/2023","03","1649.6","1.6"
"02/03/2023","03","1659.6","1.82"
"02/03/2023","03","1719.6","1.89"
"02/03/2023","03","1768.1","1.95"
"02/03/2023","03","1812.1","1.98"
"02/03/2023","03","1862.4","2"
"02/03/2023","03","1879.2","2.01"
"02/03/2023","03","1920.2","2.11"
"02/03/2023","03","1940.2","2.29"
"02/03/2023","03","1960.2","2.31"
"02/03/2023","03","1974.4","2.4"
"02/03/2023","03","1981.9","2.44"
"02/03/2023","03","1989.4","2.48"
"02/03/2023","03","2026.4","2.49"
"02/03/2023","03","2040.4","2.69"
"02/03/2023","03","2077.5","2.81"
"02/03/2023","03","2117.5","2.89"
"02/03/2023","03","2134","2.91"
"02/03/2023","03","2246","3"
"02/03/2023","03","2263.5","3.39"
"02/03/2023","03","2271","3.5"
"02/03/2023","03","2291","3.79"
"02/03/2023","03","2305","3.99"
"02/03/2023","03","2315","4"
"02/03/2023","03","2329","4.03"
"02/03/2023","03","2421","4.45"
"02/03/2023","03","2435","4.73"
"02/03/2023","03","2469","4.95"
"02/03/2023","03","2574","5"
"02/03/2023","03","2597.5","5.69"
"02/03/2023","03","2605","5.89"
"02/03/2023","03","2612.5","5.96"
"02/03/2023","03","2627.5","6.08"
"02/03/2023","03","2647.5","6.41"
"02/03/2023","03","2663.5","6.6"
"02/03/2023","03","2678.5","6.72"
"02/03/2023","03","2693.5","6.79"
"02/03/2023","03","2708.5","6.83"
"02/03/2023","03","2723.5","6.87"
"02/03/2023","03","2746","6.92"
"02/03/2023","03","2768.5","7.2"
"02/03/2023","03","2788.5","7.5"
"02/03/2023","03","2800.5","7.83"
"02/03/2023","03","2823","7.99"
"02/03/2023","03","2843","8.1"
"02/03/2023","03","2865.5","8.26"
"02/03/2023","03","2877.5","8.27"
"02/03/2023","03","2892.5","8.45"
"02/03/2023","03","2907.5","8.52"
"02/03/2023","03","2922.5","8.68"
"02/03/2023","03","2937.5","8.77"
"02/03/2023","03","2960","8.84"
"02/03/2023","03","2975","8.92"
"02/03/2023","03","3002.5","9.32"
"02/03/2023","03","3014.5","9.48"
"02/03/2023","03","3034","9.73"
"02/03/2023","03","3094","9.97"
"02/03/2023","03","3114","9.99"
"02/03/2023","03","3128.5","10"
"02/03/2023","03","3200.5","10.45"
"02/03/2023","03","3208","10.92"
"02/03/2023","03","3215.5","11.89"
"02/03/2023","03","3230.5","12.52"
"02/03/2023","03","3245.5","12.54"
"02/03/2023","03","3260.5","14.01"
"02/03/2023","03","3275.5","14.03"
"02/03/2023","03","3278.5","15"
"02/03/2023","03","3350.5","16.45"
"02/03/2023","03","3353.5","20"
"02/03/2023","03","3356.5","25"
"02/03/2023","03","3361.5","25.86"
"02/03/2023","03","3372.5","31.26"
"02/03/2023","03","3429.5","31.45"
"02/03/2023","03","3431.5","33.86"
"02/03/2023","03","3453.5","50.69"
"02/03/2023","03","3483.5","100"
"02/03/2023","03","3523.5","400"
"02/03/2023","03","3523.6","5000"
"02/03/2023","04","124.7","0"
"02/03/2023","04","149.5",".01"
"02/03/2023","04","155.5",".29"
"02/03/2023","04","161.5",".49"
"02/03/2023","04","191.2",".5"
"02/03/2023","04","247.2",".63"
"02/03/2023","04","260.2",".73"
"02/03/2023","04","275.2",".75"
"02/03/2023","04","302.2",".78"
"02/03/2023","04","373.2",".79"
"02/03/2023","04","400.2",".8"
"02/03/2023","04","443.2",".81"
"02/03/2023","04","456.2",".82"
"02/03/2023","04","516.2",".89"
"02/03/2023","04","558.2",".99"
"02/03/2023","04","789.2","1"
"02/03/2023","04","829.2","1.04"
"02/03/2023","04","849.2","1.08"
"02/03/2023","04","970.6","1.2"
"02/03/2023","04","1011.8","1.21"
"02/03/2023","04","1106.8","1.25"
"02/03/2023","04","1206.8","1.26"
"02/03/2023","04","1316.3","1.29"
"02/03/2023","04","1376.3","1.3"
"02/03/2023","04","1418.3","1.31"
"02/03/2023","04","1447.3","1.41"
"02/03/2023","04","1451.8","1.49"
"02/03/2023","04","1509.8","1.5"
"02/03/2023","04","1557.8","1.56"
"02/03/2023","04","1573.8","1.57"
"02/03/2023","04","1639.6","1.6"
"02/03/2023","04","1699.6","1.89"
"02/03/2023","04","1748.1","1.95"
"02/03/2023","04","1792.1","1.98"
"02/03/2023","04","1812.1","1.99"
"02/03/2023","04","1862.4","2"
"02/03/2023","04","1879.2","2.01"
"02/03/2023","04","1920.2","2.11"
"02/03/2023","04","1930.2","2.21"
"02/03/2023","04","1950.2","2.29"
"02/03/2023","04","1964.4","2.4"
"02/03/2023","04","2001.4","2.49"
"02/03/2023","04","2021.4","2.7"
"02/03/2023","04","2028.9","2.8"
"02/03/2023","04","2066","2.81"
"02/03/2023","04","2073.5","2.87"
"02/03/2023","04","2113.5","2.89"
"02/03/2023","04","2130","2.91"
"02/03/2023","04","2242","3"
"02/03/2023","04","2256","3.08"
"02/03/2023","04","2266","3.39"
"02/03/2023","04","2273.5","3.76"
"02/03/2023","04","2281","3.89"
"02/03/2023","04","2291","4"
"02/03/2023","04","2311","4.18"
"02/03/2023","04","2325","4.32"
"02/03/2023","04","2339","4.38"
"02/03/2023","04","2411","4.45"
"02/03/2023","04","2431","4.84"
"02/03/2023","04","2465","4.95"
"02/03/2023","04","2570","5"
"02/03/2023","04","2584","5.12"
"02/03/2023","04","2607.5","5.69"
"02/03/2023","04","2615","6.28"
"02/03/2023","04","2622.5","6.38"
"02/03/2023","04","2637.5","6.47"
"02/03/2023","04","2657.5","6.8"
"02/03/2023","04","2673.5","6.99"
"02/03/2023","04","2688.5","7.11"
"02/03/2023","04","2703.5","7.18"
"02/03/2023","04","2718.5","7.22"
"02/03/2023","04","2733.5","7.26"
"02/03/2023","04","2756","7.31"
"02/03/2023","04","2778.5","7.59"
"02/03/2023","04","2798.5","7.89"
"02/03/2023","04","2810.5","8.22"
"02/03/2023","04","2833","8.37"
"02/03/2023","04","2853","8.49"
"02/03/2023","04","2875.5","8.65"
"02/03/2023","04","2887.5","8.66"
"02/03/2023","04","2902.5","8.84"
"02/03/2023","04","2917.5","8.91"
"02/03/2023","04","2932.5","9.07"
"02/03/2023","04","2947.5","9.16"
"02/03/2023","04","2955","9.2"
"02/03/2023","04","2970","9.23"
"02/03/2023","04","2985","9.31"
"02/03/2023","04","2992.5","9.68"
"02/03/2023","04","3012.5","9.71"
"02/03/2023","04","3024.5","9.87"
"02/03/2023","04","3044.5","9.99"
"02/03/2023","04","3051.5","10"
"02/03/2023","04","3111.5","10.03"
"02/03/2023","04","3131","10.12"
"02/03/2023","04","3138.5","10.39"
"02/03/2023","04","3210.5","10.45"
"02/03/2023","04","3218","11.29"
"02/03/2023","04","3225.5","12.28"
"02/03/2023","04","3240.5","12.91"
"02/03/2023","04","3255.5","12.93"
"02/03/2023","04","3270.5","14.4"
"02/03/2023","04","3285.5","14.42"
"02/03/2023","04","3288.5","15"
"02/03/2023","04","3360.5","16.45"
"02/03/2023","04","3363.5","20"
"02/03/2023","04","3366.5","25"
"02/03/2023","04","3371.5","26.77"
"02/03/2023","04","3382.5","30.84"
"02/03/2023","04","3439.5","31.45"
"02/03/2023","04","3441.5","34.77"
"02/03/2023","04","3463.5","50.69"
"02/03/2023","04","3498.5","100"
"02/03/2023","04","3538.5","400"
"02/03/2023","04","3538.6","5000"
"02/03/2023","05","124.7","0"
"02/03/2023","05","149.5",".01"
"02/03/2023","05","155.5",".29"
"02/03/2023","05","161.5",".49"
"02/03/2023","05","191.2",".5"
"02/03/2023","05","247.2",".63"
"02/03/2023","05","260.2",".73"
"02/03/2023","05","275.2",".75"
"02/03/2023","05","302.2",".78"
"02/03/2023","05","373.2",".79"
"02/03/2023","05","400.2",".8"
"02/03/2023","05","443.2",".81"
"02/03/2023","05","456.2",".82"
"02/03/2023","05","516.2",".89"
"02/03/2023","05","598.2",".99"
"02/03/2023","05","829.2","1"
"02/03/2023","05","950.6","1.2"
"02/03/2023","05","991.8","1.21"
"02/03/2023","05","1086.8","1.25"
"02/03/2023","05","1186.8","1.26"
"02/03/2023","05","1293.3","1.29"
"02/03/2023","05","1353.3","1.3"
"02/03/2023","05","1395.3","1.31"
"02/03/2023","05","1398.3","1.34"
"02/03/2023","05","1402.8","1.49"
"02/03/2023","05","1460.8","1.5"
"02/03/2023","05","1508.8","1.56"
"02/03/2023","05","1560.6","1.6"
"02/03/2023","05","1589.6","1.85"
"02/03/2023","05","1649.6","1.89"
"02/03/2023","05","1698.1","1.95"
"02/03/2023","05","1742.1","1.98"
"02/03/2023","05","1792.4","2"
"02/03/2023","05","1809.2","2.01"
"02/03/2023","05","1850.2","2.11"
"02/03/2023","05","1870.2","2.29"
"02/03/2023","05","1884.2","2.32"
"02/03/2023","05","1898.4","2.4"
"02/03/2023","05","1935.4","2.49"
"02/03/2023","05","1972.5","2.81"
"02/03/2023","05","2012.5","2.89"
"02/03/2023","05","2029","2.91"
"02/03/2023","05","2141","3"
"02/03/2023","05","2161","3.48"
"02/03/2023","05","2177","3.97"
"02/03/2023","05","2187","4"
"02/03/2023","05","2207","4.39"
"02/03/2023","05","2279","4.45"
"02/03/2023","05","2289","4.61"
"02/03/2023","05","2323","4.95"
"02/03/2023","05","2428","5"
"02/03/2023","05","2435.5","5.04"
"02/03/2023","05","2455.5","5.1"
"02/03/2023","05","2463","5.27"
"02/03/2023","05","2477","5.48"
"02/03/2023","05","2500.5","5.69"
"02/03/2023","05","2508","6"
"02/03/2023","05","2515.5","6.29"
"02/03/2023","05","2529.5","6.52"
"02/03/2023","05","2549.5","6.58"
"02/03/2023","05","2563.5","6.78"
"02/03/2023","05","2583.5","7.24"
"02/03/2023","05","2597.5","7.52"
"02/03/2023","05","2605","8.68"
"02/03/2023","05","2620","8.87"
"02/03/2023","05","2627.5","8.94"
"02/03/2023","05","2647.5","9.2"
"02/03/2023","05","2663.5","9.39"
"02/03/2023","05","2678.5","9.51"
"02/03/2023","05","2693.5","9.58"
"02/03/2023","05","2708.5","9.62"
"02/03/2023","05","2731","9.65"
"02/03/2023","05","2746","9.66"
"02/03/2023","05","2806","9.98"
"02/03/2023","05","2828.5","9.99"
"02/03/2023","05","2835.5","10"
"02/03/2023","05","2855.5","10.29"
"02/03/2023","05","2927.5","10.45"
"02/03/2023","05","2939.5","10.62"
"02/03/2023","05","2962","10.71"
"02/03/2023","05","2982","10.89"
"02/03/2023","05","3004.5","11.05"
"02/03/2023","05","3016.5","11.06"
"02/03/2023","05","3031.5","11.24"
"02/03/2023","05","3046.5","11.31"
"02/03/2023","05","3054","11.44"
"02/03/2023","05","3069","11.47"
"02/03/2023","05","3084","11.56"
"02/03/2023","05","3099","11.63"
"02/03/2023","05","3114","11.71"
"02/03/2023","05","3121.5","11.92"
"02/03/2023","05","3141.5","12.11"
"02/03/2023","05","3153.5","12.27"
"02/03/2023","05","3173","12.52"
"02/03/2023","05","3180.5","12.79"
"02/03/2023","05","3188","13.53"
"02/03/2023","05","3195.5","14.68"
"02/03/2023","05","3198.5","15"
"02/03/2023","05","3213.5","15.31"
"02/03/2023","05","3228.5","15.33"
"02/03/2023","05","3300.5","16.45"
"02/03/2023","05","3315.5","16.8"
"02/03/2023","05","3330.5","16.82"
"02/03/2023","05","3333.5","20"
"02/03/2023","05","3336.5","25"
"02/03/2023","05","3341.5","26.76"
"02/03/2023","05","3398.5","31.45"
"02/03/2023","05","3400.5","34.76"
"02/03/2023","05","3411.5","35.65"
"02/03/2023","05","3433.5","50.69"
"02/03/2023","05","3448.5","100"
"02/03/2023","05","3488.5","400"
"02/03/2023","05","3488.6","5000"
"02/03/2023","06","124.7","0"
"02/03/2023","06","149.5",".01"
"02/03/2023","06","155.5",".29"
"02/03/2023","06","161.5",".49"
"02/03/2023","06","191.2",".5"
"02/03/2023","06","247.2",".63"
"02/03/2023","06","260.2",".73"
"02/03/2023","06","275.2",".75"
"02/03/2023","06","302.2",".78"
"02/03/2023","06","373.2",".79"
"02/03/2023","06","400.2",".8"
"02/03/2023","06","443.2",".81"
"02/03/2023","06","456.2",".82"
"02/03/2023","06","496.2",".96"
"02/03/2023","06","542.2",".97"
"02/03/2023","06","773.2","1"
"02/03/2023","06","894.6","1.2"
"02/03/2023","06","935.8","1.21"
"02/03/2023","06","1035.8","1.26"
"02/03/2023","06","1086.3","1.29"
"02/03/2023","06","1146.3","1.3"
"02/03/2023","06","1188.3","1.31"
"02/03/2023","06","1192.8","1.49"
"02/03/2023","06","1345.8","1.5"
"02/03/2023","06","1393.8","1.56"
"02/03/2023","06","1445.6","1.6"
"02/03/2023","06","1497.1","1.95"
"02/03/2023","06","1512.1","1.99"
"02/03/2023","06","1562.4","2"
"02/03/2023","06","1579.2","2.01"
"02/03/2023","06","1620.2","2.11"
"02/03/2023","06","1660.2","2.39"
"02/03/2023","06","1674.4","2.4"
"02/03/2023","06","1694.4","2.69"
"02/03/2023","06","1731.5","2.81"
"02/03/2023","06","1748","2.91"
"02/03/2023","06","1860","3"
"02/03/2023","06","1889","3.21"
"02/03/2023","06","1929","3.39"
"02/03/2023","06","1969","3.49"
"02/03/2023","06","2012.5","3.69"
"02/03/2023","06","2022.5","4"
"02/03/2023","06","2036.5","4.08"
"02/03/2023","06","2070.5","4.95"
"02/03/2023","06","2175.5","5"
"02/03/2023","06","2198.5","5.69"
"02/03/2023","06","2231.5","5.98"
"02/03/2023","06","2251.5","9.35"
"02/03/2023","06","2267.5","9.84"
"02/03/2023","06","2348.5","10"
"02/03/2023","06","2368.5","10.26"
"02/03/2023","06","2378.5","10.48"
"02/03/2023","06","2386","10.52"
"02/03/2023","06","2406","10.97"
"02/03/2023","06","2413.5","11.14"
"02/03/2023","06","2427.5","11.35"
"02/03/2023","06","2435","11.47"
"02/03/2023","06","2507","12.15"
"02/03/2023","06","2514.5","12.16"
"02/03/2023","06","2534.5","12.45"
"02/03/2023","06","2548.5","12.65"
"02/03/2023","06","2568.5","13.11"
"02/03/2023","06","2582.5","13.39"
"02/03/2023","06","2590","14.55"
"02/03/2023","06","2605","14.74"
"02/03/2023","06","2608","15"
"02/03/2023","06","2628","15.07"
"02/03/2023","06","2635.5","15.2"
"02/03/2023","06","2651.5","15.26"
"02/03/2023","06","2666.5","15.38"
"02/03/2023","06","2689","15.39"
"02/03/2023","06","2704","15.45"
"02/03/2023","06","2719","15.49"
"02/03/2023","06","2734","15.53"
"02/03/2023","06","2756.5","15.86"
"02/03/2023","06","2776.5","16.16"
"02/03/2023","06","2799","16.45"
"02/03/2023","06","2811","16.49"
"02/03/2023","06","2831","16.76"
"02/03/2023","06","2861","16.92"
"02/03/2023","06","2873","16.93"
"02/03/2023","06","2888","17.11"
"02/03/2023","06","2903","17.18"
"02/03/2023","06","2918","17.34"
"02/03/2023","06","2925.5","17.4"
"02/03/2023","06","2940.5","17.43"
"02/03/2023","06","2955.5","17.5"
"02/03/2023","06","2970.5","17.58"
"02/03/2023","06","2990.5","17.98"
"02/03/2023","06","3002.5","18.14"
"02/03/2023","06","3074.5","18.15"
"02/03/2023","06","3094","18.39"
"02/03/2023","06","3101.5","18.66"
"02/03/2023","06","3109","19.01"
"02/03/2023","06","3112","20"
"02/03/2023","06","3119.5","20.55"
"02/03/2023","06","3134.5","21.18"
"02/03/2023","06","3149.5","21.2"
"02/03/2023","06","3164.5","22.67"
"02/03/2023","06","3179.5","22.69"
"02/03/2023","06","3251.5","24.15"
"02/03/2023","06","3254.5","25"
"02/03/2023","06","3311.5","39.15"
"02/03/2023","06","3316.5","40.42"
"02/03/2023","06","3318.5","48.42"
"02/03/2023","06","3329.5","54.16"
"02/03/2023","06","3344.5","100"
"02/03/2023","06","3384.5","400"
"02/03/2023","06","3384.6","5000"
"02/03/2023","07","124.7","0"
"02/03/2023","07","149.5",".01"
"02/03/2023","07","155.5",".29"
"02/03/2023","07","161.5",".49"
"02/03/2023","07","191.2",".5"
"02/03/2023","07","247.2",".63"
"02/03/2023","07","260.2",".73"
"02/03/2023","07","275.2",".75"
"02/03/2023","07","302.2",".78"
"02/03/2023","07","322.2",".79"
"02/03/2023","07","349.2",".8"
"02/03/2023","07","392.2",".81"
"02/03/2023","07","405.2",".82"
"02/03/2023","07","506.2","1"
"02/03/2023","07","546.2","1.04"
"02/03/2023","07","550.2","1.19"
"02/03/2023","07","671.6","1.2"
"02/03/2023","07","712.8","1.21"
"02/03/2023","07","812.8","1.26"
"02/03/2023","07","817.3","1.29"
"02/03/2023","07","877.3","1.3"
"02/03/2023","07","919.3","1.31"
"02/03/2023","07","923.8","1.49"
"02/03/2023","07","1148.3","1.5"
"02/03/2023","07","1196.3","1.56"
"02/03/2023","07","1248.1","1.6"
"02/03/2023","07","1296.6","1.95"
"02/03/2023","07","1347.6","1.98"
"02/03/2023","07","1364.6","1.99"
"02/03/2023","07","1414.9","2"
"02/03/2023","07","1431.7","2.01"
"02/03/2023","07","1472.7","2.11"
"02/03/2023","07","1512.7","2.39"
"02/03/2023","07","1526.9","2.4"
"02/03/2023","07","1572.9","2.49"
"02/03/2023","07","1610","2.81"
"02/03/2023","07","1626.5","2.91"
"02/03/2023","07","1757.5","3"
"02/03/2023","07","1797.5","3.39"
"02/03/2023","07","1807.5","4"
"02/03/2023","07","1841.5","4.95"
"02/03/2023","07","1943.5","5"
"02/03/2023","07","1955.5","5.69"
"02/03/2023","07","1997.5","5.97"
"02/03/2023","07","2026.5","6.12"
"02/03/2023","07","2038.5","7.69"
"02/03/2023","07","2098.5","8"
"02/03/2023","07","2158.5","9.97"
"02/03/2023","07","2198.5","9.98"
"02/03/2023","07","2212.5","10.83"
"02/03/2023","07","2216.5","15"
"02/03/2023","07","2253.5","15.49"
"02/03/2023","07","2256.5","25"
"02/03/2023","07","2264","39.14"
"02/03/2023","07","2267","40"
"02/03/2023","07","2274.5","40.09"
"02/03/2023","07","2282","41.94"
"02/03/2023","07","2302","42.15"
"02/03/2023","07","2318","42.64"
"02/03/2023","07","2325.5","42.96"
"02/03/2023","07","2345.5","43.06"
"02/03/2023","07","2359.5","43.08"
"02/03/2023","07","2369.5","43.28"
"02/03/2023","07","2389.5","43.77"
"02/03/2023","07","2403.5","44.15"
"02/03/2023","07","2423.5","45.25"
"02/03/2023","07","2437.5","45.45"
"02/03/2023","07","2457.5","45.91"
"02/03/2023","07","2471.5","46.19"
"02/03/2023","07","2479","47.35"
"02/03/2023","07","2501.5","47.46"
"02/03/2023","07","2509","47.53"
"02/03/2023","07","2524","47.54"
"02/03/2023","07","2544","47.87"
"02/03/2023","07","2551.5","48.02"
"02/03/2023","07","2567.5","48.06"
"02/03/2023","07","2582.5","48.18"
"02/03/2023","07","2597.5","48.25"
"02/03/2023","07","2612.5","48.29"
"02/03/2023","07","2627.5","48.33"
"02/03/2023","07","2650","48.52"
"02/03/2023","07","2672.5","48.66"
"02/03/2023","07","2692.5","48.96"
"02/03/2023","07","2704.5","49.29"
"02/03/2023","07","2724.5","49.56"
"02/03/2023","07","2732","49.62"
"02/03/2023","07","2754.5","49.72"
"02/03/2023","07","2766.5","49.73"
"02/03/2023","07","2781.5","49.91"
"02/03/2023","07","2796.5","49.98"
"02/03/2023","07","2811.5","50.14"
"02/03/2023","07","2819","50.19"
"02/03/2023","07","2834","50.23"
"02/03/2023","07","2849","50.3"
"02/03/2023","07","2864","50.38"
"02/03/2023","07","2884","50.78"
"02/03/2023","07","2896","50.94"
"02/03/2023","07","2915.5","51.19"
"02/03/2023","07","2923","51.46"
"02/03/2023","07","2930.5","53.35"
"02/03/2023","07","2945.5","53.98"
"02/03/2023","07","2960.5","54"
"02/03/2023","07","3032.5","55.15"
"02/03/2023","07","3047.5","55.47"
"02/03/2023","07","3062.5","55.49"
"02/03/2023","07","3065.5","60"
"02/03/2023","07","3137.5","67.15"
"02/03/2023","07","3140.5","70"
"02/03/2023","07","3143.5","80"
"02/03/2023","07","3215.5","92.15"
"02/03/2023","07","3226.5","93.1"
"02/03/2023","07","3228.5","94.96"
"02/03/2023","07","3243.5","100"
"02/03/2023","07","3300.5","107.15"
"02/03/2023","07","3340.5","400"
"02/03/2023","07","3340.6","5000"
"02/03/2023","08","124.7","0"
"02/03/2023","08","149.5",".01"
"02/03/2023","08","155.5",".29"
"02/03/2023","08","161.5",".49"
"02/03/2023","08","191.2",".5"
"02/03/2023","08","219.2",".63"
"02/03/2023","08","234.2",".75"
"02/03/2023","08","261.2",".78"
"02/03/2023","08","267.2",".79"
"02/03/2023","08","294.2",".8"
"02/03/2023","08","337.2",".81"
"02/03/2023","08","373.4","1"
"02/03/2023","08","413.4","1.01"
"02/03/2023","08","417.4","1.19"
"02/03/2023","08","538.8","1.2"
"02/03/2023","08","580","1.21"
"02/03/2023","08","680","1.26"
"02/03/2023","08","684.5","1.29"
"02/03/2023","08","744.5","1.3"
"02/03/2023","08","786.5","1.31"
"02/03/2023","08","791","1.49"
"02/03/2023","08","1015.5","1.5"
"02/03/2023","08","1063.5","1.56"
"02/03/2023","08","1115.3","1.6"
"02/03/2023","08","1163.8","1.95"
"02/03/2023","08","1180.8","1.99"
"02/03/2023","08","1282.4","2"
"02/03/2023","08","1299.2","2.01"
"02/03/2023","08","1340.2","2.11"
"02/03/2023","08","1354.4","2.4"
"02/03/2023","08","1391.5","2.81"
"02/03/2023","08","1408","2.91"
"02/03/2023","08","1444","3"
"02/03/2023","08","1464","3.69"
"02/03/2023","08","1515","3.97"
"02/03/2023","08","1525","4"
"02/03/2023","08","1559","4.95"
"02/03/2023","08","1661","5"
"02/03/2023","08","1673","5.69"
"02/03/2023","08","1685","7.69"
"02/03/2023","08","1731","7.97"
"02/03/2023","08","1791","8"
"02/03/2023","08","1851","9.96"
"02/03/2023","08","1897","9.97"
"02/03/2023","08","1926","12.44"
"02/03/2023","08","2038.5","15"
"02/03/2023","08","2052.5","19.54"
"02/03/2023","08","2092.5","19.97"
"02/03/2023","08","2095.5","25"
"02/03/2023","08","2103","38.21"
"02/03/2023","08","2110.5","39.16"
"02/03/2023","08","2113.5","40"
"02/03/2023","08","2121","40.95"
"02/03/2023","08","2141","41.16"
"02/03/2023","08","2157","41.65"
"02/03/2023","08","2164.5","41.97"
"02/03/2023","08","2184.5","42.07"
"02/03/2023","08","2194.5","42.29"
"02/03/2023","08","2214.5","42.78"
"02/03/2023","08","2228.5","43.16"
"02/03/2023","08","2248.5","44.26"
"02/03/2023","08","2262.5","44.46"
"02/03/2023","08","2282.5","44.92"
"02/03/2023","08","2296.5","45.2"
"02/03/2023","08","2329.5","45.97"
"02/03/2023","08","2337","46.36"
"02/03/2023","08","2359.5","46.5"
"02/03/2023","08","2374.5","46.55"
"02/03/2023","08","2382","46.61"
"02/03/2023","08","2396","46.78"
"02/03/2023","08","2416","46.88"
"02/03/2023","08","2432","47.07"
"02/03/2023","08","2439.5","47.09"
"02/03/2023","08","2454.5","47.19"
"02/03/2023","08","2469.5","47.26"
"02/03/2023","08","2484.5","47.3"
"02/03/2023","08","2499.5","47.34"
"02/03/2023","08","2522","47.56"
"02/03/2023","08","2544.5","47.67"
"02/03/2023","08","2564.5","47.97"
"02/03/2023","08","2576.5","48.3"
"02/03/2023","08","2596.5","48.57"
"02/03/2023","08","2604","48.7"
"02/03/2023","08","2626.5","48.73"
"02/03/2023","08","2638.5","48.74"
"02/03/2023","08","2653.5","48.92"
"02/03/2023","08","2668.5","48.99"
"02/03/2023","08","2676","49.13"
"02/03/2023","08","2691","49.15"
"02/03/2023","08","2706","49.24"
"02/03/2023","08","2721","49.31"
"02/03/2023","08","2736","49.39"
"02/03/2023","08","2756","49.79"
"02/03/2023","08","2768","49.95"
"02/03/2023","08","2787.5","50.2"
"02/03/2023","08","2795","50.47"
"02/03/2023","08","2802.5","52.36"
"02/03/2023","08","2817.5","52.99"
"02/03/2023","08","2832.5","53.01"
"02/03/2023","08","2847.5","54.48"
"02/03/2023","08","2862.5","54.5"
"02/03/2023","08","2934.5","55.15"
"02/03/2023","08","2937.5","60"
"02/03/2023","08","3009.5","67.15"
"02/03/2023","08","3012.5","70"
"02/03/2023","08","3015.5","80"
"02/03/2023","08","3026.5","83.15"
"02/03/2023","08","3098.5","92.15"
"02/03/2023","08","3100.5","97.92"
"02/03/2023","08","3115.5","100"
"02/03/2023","08","3172.5","107.15"
"02/03/2023","08","3212.5","400"
"02/03/2023","08","3212.6","5000"
"02/03/2023","09","124.7","0"
"02/03/2023","09","149.5",".01"
"02/03/2023","09","155.5",".29"
"02/03/2023","09","161.5",".49"
"02/03/2023","09","191.2",".5"
"02/03/2023","09","247.2",".63"
"02/03/2023","09","262.2",".75"
"02/03/2023","09","289.2",".78"
"02/03/2023","09","295.2",".79"
"02/03/2023","09","322.2",".8"
"02/03/2023","09","365.2",".81"
"02/03/2023","09","441.4","1"
"02/03/2023","09","445.4","1.19"
"02/03/2023","09","566.8","1.2"
"02/03/2023","09","608","1.21"
"02/03/2023","09","708","1.26"
"02/03/2023","09","712.5","1.29"
"02/03/2023","09","772.5","1.3"
"02/03/2023","09","814.5","1.31"
"02/03/2023","09","819","1.49"
"02/03/2023","09","1043.5","1.5"
"02/03/2023","09","1091.5","1.56"
"02/03/2023","09","1143.3","1.6"
"02/03/2023","09","1203.3","1.89"
"02/03/2023","09","1251.8","1.95"
"02/03/2023","09","1268.8","1.99"
"02/03/2023","09","1275.4","2"
"02/03/2023","09","1292.2","2.01"
"02/03/2023","09","1333.2","2.11"
"02/03/2023","09","1347.4","2.4"
"02/03/2023","09","1398.4","2.49"
"02/03/2023","09","1435.5","2.81"
"02/03/2023","09","1475.5","2.89"
"02/03/2023","09","1492","2.91"
"02/03/2023","09","1623","3"
"02/03/2023","09","1652","3.74"
"02/03/2023","09","1692","3.89"
"02/03/2023","09","1702","4"
"02/03/2023","09","1736","4.95"
"02/03/2023","09","1841","5"
"02/03/2023","09","1853","5.69"
"02/03/2023","09","1899","5.97"
"02/03/2023","09","1902","7"
"02/03/2023","09","1914","7.69"
"02/03/2023","09","1960","7.97"
"02/03/2023","09","2020","8"
"02/03/2023","09","2080","9.98"
"02/03/2023","09","2084","10"
"02/03/2023","09","2098","13.46"
"02/03/2023","09","2204.5","15"
"02/03/2023","09","2212","15.88"
"02/03/2023","09","2219.5","16.83"
"02/03/2023","09","2227","17.02"
"02/03/2023","09","2247","17.23"
"02/03/2023","09","2263","17.72"
"02/03/2023","09","2270.5","18.04"
"02/03/2023","09","2290.5","18.14"
"02/03/2023","09","2300.5","18.36"
"02/03/2023","09","2320.5","18.85"
"02/03/2023","09","2334.5","19.23"
"02/03/2023","09","2337.5","20"
"02/03/2023","09","2357.5","20.33"
"02/03/2023","09","2371.5","20.53"
"02/03/2023","09","2391.5","20.99"
"02/03/2023","09","2405.5","21.27"
"02/03/2023","09","2413","22.43"
"02/03/2023","09","2428","22.62"
"02/03/2023","09","2448","22.95"
"02/03/2023","09","2470.5","23.1"
"02/03/2023","09","2486.5","23.14"
"02/03/2023","09","2501.5","23.26"
"02/03/2023","09","2516.5","23.33"
"02/03/2023","09","2531.5","23.37"
"02/03/2023","09","2546.5","23.41"
"02/03/2023","09","2554","23.6"
"02/03/2023","09","2576.5","23.74"
"02/03/2023","09","2596.5","24.04"
"02/03/2023","09","2619","24.16"
"02/03/2023","09","2626.5","24.28"
"02/03/2023","09","2638.5","24.37"
"02/03/2023","09","2658.5","24.64"
"02/03/2023","09","2666","24.76"
"02/03/2023","09","2688.5","24.8"
"02/03/2023","09","2700.5","24.81"
"02/03/2023","09","2715.5","24.99"
"02/03/2023","09","2730.5","25.06"
"02/03/2023","09","2745.5","25.22"
"02/03/2023","09","2760.5","25.31"
"02/03/2023","09","2775.5","25.38"
"02/03/2023","09","2790.5","25.46"
"02/03/2023","09","2810.5","25.86"
"02/03/2023","09","2822.5","26.02"
"02/03/2023","09","2842","26.27"
"02/03/2023","09","2849.5","26.36"
"02/03/2023","09","2857","26.54"
"02/03/2023","09","2864.5","28.43"
"02/03/2023","09","2878.5","28.66"
"02/03/2023","09","2893.5","29.06"
"02/03/2023","09","2908.5","29.08"
"02/03/2023","09","2911.5","30"
"02/03/2023","09","2926.5","30.55"
"02/03/2023","09","2941.5","30.57"
"02/03/2023","09","2981.5","30.97"
"02/03/2023","09","3014.5","40.97"
"02/03/2023","09","3086.5","55.15"
"02/03/2023","09","3097.5","65.1"
"02/03/2023","09","3169.5","67.15"
"02/03/2023","09","3171.5","72.23"
"02/03/2023","09","3243.5","92.15"
"02/03/2023","09","3258.5","100"
"02/03/2023","09","3315.5","107.15"
"02/03/2023","09","3355.5","400"
"02/03/2023","09","3355.6","5000"
"02/03/2023","10","124.7","0"
"02/03/2023","10","149.5",".01"
"02/03/2023","10","158.5",".29"
"02/03/2023","10","167.5",".49"
"02/03/2023","10","197.2",".5"
"02/03/2023","10","253.2",".63"
"02/03/2023","10","266.2",".73"
"02/03/2023","10","281.2",".75"
"02/03/2023","10","308.2",".78"
"02/03/2023","10","331.2",".79"
"02/03/2023","10","358.2",".8"
"02/03/2023","10","401.2",".81"
"02/03/2023","10","414.2",".82"
"02/03/2023","10","454.4","1"
"02/03/2023","10","494.4","1.02"
"02/03/2023","10","498.4","1.05"
"02/03/2023","10","502.4","1.19"
"02/03/2023","10","623.8","1.2"
"02/03/2023","10","665","1.21"
"02/03/2023","10","765","1.26"
"02/03/2023","10","820.5","1.29"
"02/03/2023","10","880.5","1.3"
"02/03/2023","10","922.5","1.31"
"02/03/2023","10","927","1.49"
"02/03/2023","10","1235.5","1.5"
"02/03/2023","10","1283.5","1.56"
"02/03/2023","10","1335.3","1.6"
"02/03/2023","10","1405.3","1.89"
"02/03/2023","10","1445.3","1.95"
"02/03/2023","10","1491.3","1.98"
"02/03/2023","10","1506.3","1.99"
"02/03/2023","10","1541.9","2"
"02/03/2023","10","1558.7","2.01"
"02/03/2023","10","1599.7","2.11"
"02/03/2023","10","1613.9","2.4"
"02/03/2023","10","1662.9","2.49"
"02/03/2023","10","1700","2.81"
"02/03/2023","10","1750","2.89"
"02/03/2023","10","1766.5","2.91"
"02/03/2023","10","1802.5","3"
"02/03/2023","10","1827.5","3.19"
"02/03/2023","10","1867.5","3.89"
"02/03/2023","10","1877.5","4"
"02/03/2023","10","1885","4.22"
"02/03/2023","10","1892.5","4.53"
"02/03/2023","10","1912.5","4.74"
"02/03/2023","10","1946.5","4.95"
"02/03/2023","10","2051.5","5"
"02/03/2023","10","2059","5.17"
"02/03/2023","10","2075","5.23"
"02/03/2023","10","2082.5","5.55"
"02/03/2023","10","2102.5","5.65"
"02/03/2023","10","2112.5","5.87"
"02/03/2023","10","2152.5","5.97"
"02/03/2023","10","2166.5","5.99"
"02/03/2023","10","2186.5","6.36"
"02/03/2023","10","2200.5","6.74"
"02/03/2023","10","2220.5","7.84"
"02/03/2023","10","2253.5","7.97"
"02/03/2023","10","2313.5","8"
"02/03/2023","10","2327.5","8.04"
"02/03/2023","10","2399.5","8.15"
"02/03/2023","10","2419.5","8.5"
"02/03/2023","10","2433.5","8.78"
"02/03/2023","10","2447.5","9.5"
"02/03/2023","10","2455","9.94"
"02/03/2023","10","2515","9.96"
"02/03/2023","10","2530","10.13"
"02/03/2023","10","2537.5","10.28"
"02/03/2023","10","2557.5","10.46"
"02/03/2023","10","2573.5","10.65"
"02/03/2023","10","2588.5","10.77"
"02/03/2023","10","2603.5","10.84"
"02/03/2023","10","2641","10.88"
"02/03/2023","10","2656","10.92"
"02/03/2023","10","2660.2","11.09"
"02/03/2023","10","2676","11.19"
"02/03/2023","10","2698.5","11.25"
"02/03/2023","10","2718.5","11.55"
"02/03/2023","10","2730.5","11.88"
"02/03/2023","10","2753","11.95"
"02/03/2023","10","2773","12.15"
"02/03/2023","10","2795.5","12.31"
"02/03/2023","10","2807.5","12.32"
"02/03/2023","10","2822.5","12.5"
"02/03/2023","10","2837.5","12.57"
"02/03/2023","10","2845","12.62"
"02/03/2023","10","2860","12.73"
"02/03/2023","10","2875","12.82"
"02/03/2023","10","2890","12.89"
"02/03/2023","10","2905","12.97"
"02/03/2023","10","2912.5","13.1"
"02/03/2023","10","2932.5","13.37"
"02/03/2023","10","2944.5","13.53"
"02/03/2023","10","2964","13.78"
"02/03/2023","10","2971.5","14.05"
"02/03/2023","10","2979","14.7"
"02/03/2023","10","3082.5","15"
"02/03/2023","10","3090","15.94"
"02/03/2023","10","3105","16.57"
"02/03/2023","10","3120","16.59"
"02/03/2023","10","3135","18.06"
"02/03/2023","10","3150","18.08"
"02/03/2023","10","3222","20.15"
"02/03/2023","10","3233","31.46"
"02/03/2023","10","3305","45.15"
"02/03/2023","10","3315","50.01"
"02/03/2023","10","3317","57.46"
"02/03/2023","10","3374","60.15"
"02/03/2023","10","3389","100"
"02/03/2023","10","3429","400"
"02/03/2023","10","3429.1","5000"
"02/03/2023","11","124.7","0"
"02/03/2023","11","149.5",".01"
"02/03/2023","11","169.5",".02"
"02/03/2023","11","178.5",".29"
"02/03/2023","11","194.5",".33"
"02/03/2023","11","202",".39"
"02/03/2023","11","209.5",".43"
"02/03/2023","11","218.5",".49"
"02/03/2023","11","248.2",".5"
"02/03/2023","11","268.2",".53"
"02/03/2023","11","324.2",".63"
"02/03/2023","11","337.2",".73"
"02/03/2023","11","362.2",".75"
"02/03/2023","11","389.2",".78"
"02/03/2023","11","412.2",".79"
"02/03/2023","11","439.2",".8"
"02/03/2023","11","482.2",".81"
"02/03/2023","11","495.2",".82"
"02/03/2023","11","535.4","1"
"02/03/2023","11","575.4","1.01"
"02/03/2023","11","579.4","1.05"
"02/03/2023","11","583.4","1.19"
"02/03/2023","11","704.8","1.2"
"02/03/2023","11","746","1.21"
"02/03/2023","11","766","1.24"
"02/03/2023","11","861","1.25"
"02/03/2023","11","961","1.26"
"02/03/2023","11","1016.5","1.29"
"02/03/2023","11","1076.5","1.3"
"02/03/2023","11","1118.5","1.31"
"02/03/2023","11","1123","1.49"
"02/03/2023","11","1389","1.5"
"02/03/2023","11","1437","1.56"
"02/03/2023","11","1488.8","1.6"
"02/03/2023","11","1502.8","1.62"
"02/03/2023","11","1562.8","1.65"
"02/03/2023","11","1602.8","1.89"
"02/03/2023","11","1710.8","1.95"
"02/03/2023","11","1756.8","1.98"
"02/03/2023","11","1763.4","2"
"02/03/2023","11","1780.2","2.01"
"02/03/2023","11","1821.2","2.11"
"02/03/2023","11","1835.4","2.4"
"02/03/2023","11","1884.4","2.49"
"02/03/2023","11","1904.4","2.72"
"02/03/2023","11","1941.5","2.81"
"02/03/2023","11","1971.5","2.89"
"02/03/2023","11","1988","2.91"
"02/03/2023","11","2002","2.92"
"02/03/2023","11","2038","3"
"02/03/2023","11","2058","3.38"
"02/03/2023","11","2065.5","3.48"
"02/03/2023","11","2079.5","3.66"
"02/03/2023","11","2089.5","4"
"02/03/2023","11","2161.5","4.35"
"02/03/2023","11","2176.5","4.82"
"02/03/2023","11","2210.5","4.95"
"02/03/2023","11","2315.5","5"
"02/03/2023","11","2330.5","5.01"
"02/03/2023","11","2350.5","5.34"
"02/03/2023","11","2366.5","5.53"
"02/03/2023","11","2381.5","5.65"
"02/03/2023","11","2396.5","5.72"
"02/03/2023","11","2411.5","5.76"
"02/03/2023","11","2426.5","5.8"
"02/03/2023","11","2449","5.88"
"02/03/2023","11","2493.2","5.97"
"02/03/2023","11","2507.2","6"
"02/03/2023","11","2523","6.01"
"02/03/2023","11","2545.5","6.13"
"02/03/2023","11","2565.5","6.43"
"02/03/2023","11","2577.5","6.76"
"02/03/2023","11","2600","6.94"
"02/03/2023","11","2607.5","6.97"
"02/03/2023","11","2627.5","7.03"
"02/03/2023","11","2650","7.19"
"02/03/2023","11","2662","7.2"
"02/03/2023","11","2677","7.38"
"02/03/2023","11","2692","7.45"
"02/03/2023","11","2707","7.61"
"02/03/2023","11","2722","7.7"
"02/03/2023","11","2737","7.77"
"02/03/2023","11","2744.5","7.84"
"02/03/2023","11","2773.5","7.85"
"02/03/2023","11","2806.5","7.97"
"02/03/2023","11","2826.5","8.25"
"02/03/2023","11","2834","8.32"
"02/03/2023","11","2846","8.41"
"02/03/2023","11","2865.5","8.66"
"02/03/2023","11","2873","8.93"
"02/03/2023","11","2880.5","9.92"
"02/03/2023","11","2940.5","9.96"
"02/03/2023","11","3012.5","10.35"
"02/03/2023","11","3020","10.82"
"02/03/2023","11","3035","11.45"
"02/03/2023","11","3050","11.47"
"02/03/2023","11","3065","12.94"
"02/03/2023","11","3080","12.96"
"02/03/2023","11","3183.5","15"
"02/03/2023","11","3255.5","16.35"
"02/03/2023","11","3266.5","30.2"
"02/03/2023","11","3323.5","31.35"
"02/03/2023","11","3333.5","50.01"
"02/03/2023","11","3335.5","53.22"
"02/03/2023","11","3365.5","100"
"02/03/2023","11","3405.5","400"
"02/03/2023","11","3405.6","5000"
"02/03/2023","12","124.7","0"
"02/03/2023","12","249.5",".01"
"02/03/2023","12","269.5",".03"
"02/03/2023","12","283.5",".19"
"02/03/2023","12","292.5",".29"
"02/03/2023","12","301.5",".49"
"02/03/2023","12","331.2",".5"
"02/03/2023","12","351.2",".57"
"02/03/2023","12","407.2",".63"
"02/03/2023","12","420.2",".73"
"02/03/2023","12","435.2",".75"
"02/03/2023","12","462.2",".78"
"02/03/2023","12","485.2",".79"
"02/03/2023","12","512.2",".8"
"02/03/2023","12","555.2",".81"
"02/03/2023","12","568.2",".82"
"02/03/2023","12","582.2",".85"
"02/03/2023","12","622.2",".95"
"02/03/2023","12","722.2","1"
"02/03/2023","12","726.2","1.05"
"02/03/2023","12","730.2","1.19"
"02/03/2023","12","851.6","1.2"
"02/03/2023","12","892.8","1.21"
"02/03/2023","12","987.8","1.25"
"02/03/2023","12","1087.8","1.26"
"02/03/2023","12","1146.3","1.29"
"02/03/2023","12","1206.3","1.3"
"02/03/2023","12","1248.3","1.31"
"02/03/2023","12","1255.8","1.49"
"02/03/2023","12","1521.8","1.5"
"02/03/2023","12","1569.8","1.56"
"02/03/2023","12","1621.6","1.6"
"02/03/2023","12","1681.6","1.65"
"02/03/2023","12","1689.1","1.82"
"02/03/2023","12","1729.1","1.89"
"02/03/2023","12","1837.1","1.95"
"02/03/2023","12","1883.1","1.98"
"02/03/2023","12","1933.4","2"
"02/03/2023","12","1957.7","2.01"
"02/03/2023","12","1998.7","2.11"
"02/03/2023","12","2013.7","2.2"
"02/03/2023","12","2027.9","2.4"
"02/03/2023","12","2073.9","2.49"
"02/03/2023","12","2093.9","2.53"
"02/03/2023","12","2109.9","2.72"
"02/03/2023","12","2147","2.81"
"02/03/2023","12","2162","2.84"
"02/03/2023","12","2192","2.89"
"02/03/2023","12","2223.5","2.91"
"02/03/2023","12","2238.5","2.95"
"02/03/2023","12","2253.5","2.99"
"02/03/2023","12","2289.5","3"
"02/03/2023","12","2312","3.13"
"02/03/2023","12","2332","3.16"
"02/03/2023","12","2354.5","3.32"
"02/03/2023","12","2374.5","3.62"
"02/03/2023","12","2386.5","3.95"
"02/03/2023","12","2396.5","4"
"02/03/2023","12","2419","4.19"
"02/03/2023","12","2439","4.22"
"02/03/2023","12","2511","4.35"
"02/03/2023","12","2533.5","4.38"
"02/03/2023","12","2545.5","4.39"
"02/03/2023","12","2560.5","4.57"
"02/03/2023","12","2574.5","4.58"
"02/03/2023","12","2589.5","4.64"
"02/03/2023","12","2604.5","4.8"
"02/03/2023","12","2619.5","4.89"
"02/03/2023","12","2653.5","4.95"
"02/03/2023","12","2668.5","4.96"
"02/03/2023","12","2770.5","5"
"02/03/2023","12","2785.5","5.04"
"02/03/2023","12","2793","5.22"
"02/03/2023","12","2813","5.44"
"02/03/2023","12","2825","5.6"
"02/03/2023","12","2832.5","5.7"
"02/03/2023","12","2852","5.85"
"02/03/2023","12","2892","5.97"
"02/03/2023","12","2899.5","6.12"
"02/03/2023","12","2907","7.3"
"02/03/2023","12","2940","7.97"
"02/03/2023","12","2947.5","8.01"
"02/03/2023","12","2961.5","8.37"
"02/03/2023","12","2976.5","8.64"
"02/03/2023","12","2991.5","8.66"
"02/03/2023","12","3051.5","10.02"
"02/03/2023","12","3066.5","10.13"
"02/03/2023","12","3081.5","10.15"
"02/03/2023","12","3153.5","10.35"
"02/03/2023","12","3225.5","16.35"
"02/03/2023","12","3236.5","18.15"
"02/03/2023","12","3244","20.56"
"02/03/2023","12","3251.5","28.41"
"02/03/2023","12","3259","31.19"
"02/03/2023","12","3316","31.35"
"02/03/2023","12","3318","48.38"
"02/03/2023","12","3325.5","49.66"
"02/03/2023","12","3335.5","50.01"
"02/03/2023","12","3365.5","100"
"02/03/2023","12","3405.5","400"
"02/03/2023","12","3405.6","5000"
"02/03/2023","13","124.7","0"
"02/03/2023","13","340",".01"
"02/03/2023","13","347.5",".02"
"02/03/2023","13","367.5",".12"
"02/03/2023","13","376.5",".29"
"02/03/2023","13","392.5",".3"
"02/03/2023","13","407.5",".41"
"02/03/2023","13","422.5",".48"
"02/03/2023","13","431.5",".49"
"02/03/2023","13","461.2",".5"
"02/03/2023","13","476.2",".52"
"02/03/2023","13","491.2",".56"
"02/03/2023","13","547.2",".63"
"02/03/2023","13","563",".7"
"02/03/2023","13","580.2",".73"
"02/03/2023","13","617.7",".75"
"02/03/2023","13","644.7",".78"
"02/03/2023","13","667.7",".79"
"02/03/2023","13","694.7",".8"
"02/03/2023","13","737.7",".81"
"02/03/2023","13","750.7",".82"
"02/03/2023","13","773.2",".89"
"02/03/2023","13","813.2",".99"
"02/03/2023","13","913.2","1"
"02/03/2023","13","917.2","1.05"
"02/03/2023","13","941.2","1.19"
"02/03/2023","13","1062.6","1.2"
"02/03/2023","13","1103.8","1.21"
"02/03/2023","13","1198.8","1.25"
"02/03/2023","13","1298.8","1.26"
"02/03/2023","13","1357.3","1.29"
"02/03/2023","13","1417.3","1.3"
"02/03/2023","13","1459.3","1.31"
"02/03/2023","13","1488.3","1.48"
"02/03/2023","13","1495.8","1.49"
"02/03/2023","13","1743.8","1.5"
"02/03/2023","13","1755.8","1.52"
"02/03/2023","13","1803.8","1.56"
"02/03/2023","13","1855.6","1.6"
"02/03/2023","13","1915.6","1.65"
"02/03/2023","13","1935.6","1.79"
"02/03/2023","13","1958.1","1.82"
"02/03/2023","13","2008.1","1.89"
"02/03/2023","13","2138.6","1.95"
"02/03/2023","13","2150.6","1.96"
"02/03/2023","13","2196.6","1.98"
"02/03/2023","13","2246.9","2"
"02/03/2023","13","2263.7","2.01"
"02/03/2023","13","2304.7","2.11"
"02/03/2023","13","2319.7","2.14"
"02/03/2023","13","2334.7","2.21"
"02/03/2023","13","2349.7","2.37"
"02/03/2023","13","2363.9","2.4"
"02/03/2023","13","2378.9","2.46"
"02/03/2023","13","2424.9","2.49"
"02/03/2023","13","2439.9","2.53"
"02/03/2023","13","2454.9","2.61"
"02/03/2023","13","2492","2.81"
"02/03/2023","13","2542","2.89"
"02/03/2023","13","2558.5","2.91"
"02/03/2023","13","2566","2.95"
"02/03/2023","13","2602","3"
"02/03/2023","13","2622","3.01"
"02/03/2023","13","2634","3.17"
"02/03/2023","13","2648","3.26"
"02/03/2023","13","2667.5","3.42"
"02/03/2023","13","2675","3.43"
"02/03/2023","13","2682.5","3.69"
"02/03/2023","13","2692.5","4"
"02/03/2023","13","2764.5","4.35"
"02/03/2023","13","2798.5","4.95"
"02/03/2023","13","2875.5","5"
"02/03/2023","13","2883","5.03"
"02/03/2023","13","2890.5","5.58"
"02/03/2023","13","2930.5","5.97"
"02/03/2023","13","2945.5","6.21"
"02/03/2023","13","2960.5","6.23"
"02/03/2023","13","2974.5","7.05"
"02/03/2023","13","2989.5","7.7"
"02/03/2023","13","3004.5","7.72"
"02/03/2023","13","3037.5","7.97"
"02/03/2023","13","3097.5","9.96"
"02/03/2023","13","3169.5","10.35"
"02/03/2023","13","3180.5","11"
"02/03/2023","13","3252.5","16.35"
"02/03/2023","13","3309.5","31.35"
"02/03/2023","13","3311.5","46.34"
"02/03/2023","13","3321.5","50.01"
"02/03/2023","13","3329","55.86"
"02/03/2023","13","3336.5","68.11"
"02/03/2023","13","3361.5","70"
"02/03/2023","13","3369","75.05"
"02/03/2023","13","3376.5","99.54"
"02/03/2023","13","3406.5","100"
"02/03/2023","13","3446.5","400"
"02/03/2023","13","3446.6","5000"
"02/03/2023","14","124.7","0"
"02/03/2023","14","428.5",".01"
"02/03/2023","14","443.5",".02"
"02/03/2023","14","459.3",".08"
"02/03/2023","14","463.5",".12"
"02/03/2023","14","486",".15"
"02/03/2023","14","508.5",".27"
"02/03/2023","14","517.5",".29"
"02/03/2023","14","526.5",".49"
"02/03/2023","14","556.2",".5"
"02/03/2023","14","576.2",".57"
"02/03/2023","14","632.2",".63"
"02/03/2023","14","645.2",".73"
"02/03/2023","14","660.2",".75"
"02/03/2023","14","687.2",".78"
"02/03/2023","14","710.2",".79"
"02/03/2023","14","737.2",".8"
"02/03/2023","14","780.2",".81"
"02/03/2023","14","793.2",".82"
"02/03/2023","14","805.2",".9"
"02/03/2023","14","901.2","1"
"02/03/2023","14","941.2","1.03"
"02/03/2023","14","945.2","1.05"
"02/03/2023","14","965.2","1.17"
"02/03/2023","14","969.2","1.19"
"02/03/2023","14","1090.6","1.2"
"02/03/2023","14","1154.3","1.21"
"02/03/2023","14","1183.3","1.24"
"02/03/2023","14","1278.3","1.25"
"02/03/2023","14","1378.3","1.26"
"02/03/2023","14","1436.8","1.29"
"02/03/2023","14","1496.8","1.3"
"02/03/2023","14","1538.8","1.31"
"02/03/2023","14","1561.3","1.33"
"02/03/2023","14","1573.3","1.34"
"02/03/2023","14","1580.8","1.49"
"02/03/2023","14","1828.8","1.5"
"02/03/2023","14","1843.8","1.52"
"02/03/2023","14","1891.8","1.56"
"02/03/2023","14","1906.8","1.59"
"02/03/2023","14","1958.6","1.6"
"02/03/2023","14","2018.6","1.65"
"02/03/2023","14","2033.6","1.75"
"02/03/2023","14","2048.6","1.84"
"02/03/2023","14","2098.6","1.89"
"02/03/2023","14","2113.6","1.91"
"02/03/2023","14","2221.6","1.95"
"02/03/2023","14","2267.6","1.98"
"02/03/2023","14","2302.6","1.99"
"02/03/2023","14","2352.9","2"
"02/03/2023","14","2369.7","2.01"
"02/03/2023","14","2410.7","2.11"
"02/03/2023","14","2424.7","2.18"
"02/03/2023","14","2432.2","2.37"
"02/03/2023","14","2452.2","2.39"
"02/03/2023","14","2466.4","2.4"
"02/03/2023","14","2512.4","2.49"
"02/03/2023","14","2524.4","2.55"
"02/03/2023","14","2543.9","2.8"
"02/03/2023","14","2581","2.81"
"02/03/2023","14","2588.5","2.85"
"02/03/2023","14","2628.5","2.89"
"02/03/2023","14","2645","2.91"
"02/03/2023","14","2681","3"
"02/03/2023","14","2688.5","3.07"
"02/03/2023","14","2698.5","4"
"02/03/2023","14","2770.5","4.35"
"02/03/2023","14","2778","4.46"
"02/03/2023","14","2812","4.95"
"02/03/2023","14","2819.5","4.96"
"02/03/2023","14","2896.5","5"
"02/03/2023","14","2910.5","5.05"
"02/03/2023","14","2925.5","5.59"
"02/03/2023","14","2940.5","5.61"
"02/03/2023","14","2980.5","5.97"
"02/03/2023","14","2995.5","7.08"
"02/03/2023","14","3010.5","7.1"
"02/03/2023","14","3043.5","7.97"
"02/03/2023","14","3103.5","9.99"
"02/03/2023","14","3175.5","10.35"
"02/03/2023","14","3186.5","12.15"
"02/03/2023","14","3258.5","16.35"
"02/03/2023","14","3315.5","31.35"
"02/03/2023","14","3317.5","42.36"
"02/03/2023","14","3327.5","50.01"
"02/03/2023","14","3352.5","70"
"02/03/2023","14","3360","92.45"
"02/03/2023","14","3390","100"
"02/03/2023","14","3397.5","105.11"
"02/03/2023","14","3405","114.52"
"02/03/2023","14","3412.5","139.84"
"02/03/2023","14","3452.5","400"
"02/03/2023","14","3452.6","5000"
"02/03/2023","15","124.7","0"
"02/03/2023","15","707.5",".01"
"02/03/2023","15","727.5",".02"
"02/03/2023","15","735",".06"
"02/03/2023","15","747",".12"
"02/03/2023","15","759",".28"
"02/03/2023","15","768",".29"
"02/03/2023","15","775.5",".3"
"02/03/2023","15","784.5",".49"
"02/03/2023","15","821.7",".5"
"02/03/2023","15","829.2",".55"
"02/03/2023","15","885.2",".63"
"02/03/2023","15","898.2",".73"
"02/03/2023","15","913.2",".75"
"02/03/2023","15","940.2",".78"
"02/03/2023","15","963.2",".79"
"02/03/2023","15","990.2",".8"
"02/03/2023","15","1033.2",".81"
"02/03/2023","15","1046.2",".82"
"02/03/2023","15","1086.2",".98"
"02/03/2023","15","1182.2","1"
"02/03/2023","15","1186.2","1.05"
"02/03/2023","15","1190.2","1.19"
"02/03/2023","15","1311.6","1.2"
"02/03/2023","15","1352.8","1.21"
"02/03/2023","15","1447.8","1.25"
"02/03/2023","15","1547.8","1.26"
"02/03/2023","15","1576.8","1.28"
"02/03/2023","15","1635.3","1.29"
"02/03/2023","15","1695.3","1.3"
"02/03/2023","15","1737.3","1.31"
"02/03/2023","15","1744.8","1.49"
"02/03/2023","15","1992.8","1.5"
"02/03/2023","15","2040.8","1.56"
"02/03/2023","15","2092.6","1.6"
"02/03/2023","15","2152.6","1.65"
"02/03/2023","15","2182.6","1.89"
"02/03/2023","15","2290.6","1.95"
"02/03/2023","15","2336.6","1.98"
"02/03/2023","15","2356.6","1.99"
"02/03/2023","15","2406.9","2"
"02/03/2023","15","2423.7","2.01"
"02/03/2023","15","2431.2","2.1"
"02/03/2023","15","2472.2","2.11"
"02/03/2023","15","2486.2","2.17"
"02/03/2023","15","2506.2","2.39"
"02/03/2023","15","2520.4","2.4"
"02/03/2023","15","2527.9","2.44"
"02/03/2023","15","2573.9","2.49"
"02/03/2023","15","2611","2.81"
"02/03/2023","15","2641","2.89"
"02/03/2023","15","2657.5","2.91"
"02/03/2023","15","2693.5","3"
"02/03/2023","15","2708.5","3.07"
"02/03/2023","15","2723.5","3.09"
"02/03/2023","15","2733.5","4"
"02/03/2023","15","2805.5","4.35"
"02/03/2023","15","2820.5","4.56"
"02/03/2023","15","2835.5","4.58"
"02/03/2023","15","2869.5","4.95"
"02/03/2023","15","2960.5","5"
"02/03/2023","15","3000.5","5.97"
"02/03/2023","15","3033.5","7.97"
"02/03/2023","15","3093.5","10.03"
"02/03/2023","15","3165.5","10.35"
"02/03/2023","15","3176.5","12.09"
"02/03/2023","15","3248.5","16.35"
"02/03/2023","15","3305.5","31.35"
"02/03/2023","15","3315.5","50.01"
"02/03/2023","15","3317.5","73.37"
"02/03/2023","15","3342.5","73.96"
"02/03/2023","15","3372.5","100"
"02/03/2023","15","3380","140.37"
"02/03/2023","15","3387.5","154.71"
"02/03/2023","15","3395","174.2"
"02/03/2023","15","3402.5","202.88"
"02/03/2023","15","3442.5","400"
"02/03/2023","15","3442.6","5000"
"02/03/2023","16","124.7","0"
"02/03/2023","16","727.5",".01"
"02/03/2023","16","735",".04"
"02/03/2023","16","747",".1"
"02/03/2023","16","759",".23"
"02/03/2023","16","766.5",".26"
"02/03/2023","16","775.5",".29"
"02/03/2023","16","783",".45"
"02/03/2023","16","792",".49"
"02/03/2023","16","829.2",".5"
"02/03/2023","16","885.2",".63"
"02/03/2023","16","898.2",".73"
"02/03/2023","16","913.2",".75"
"02/03/2023","16","936.2",".79"
"02/03/2023","16","963.2",".8"
"02/03/2023","16","1006.2",".81"
"02/03/2023","16","1019.2",".82"
"02/03/2023","16","1059.2",".95"
"02/03/2023","16","1155.2","1"
"02/03/2023","16","1159.2","1.05"
"02/03/2023","16","1163.2","1.19"
"02/03/2023","16","1284.6","1.2"
"02/03/2023","16","1325.8","1.21"
"02/03/2023","16","1425.8","1.26"
"02/03/2023","16","1484.3","1.29"
"02/03/2023","16","1544.3","1.3"
"02/03/2023","16","1586.3","1.31"
"02/03/2023","16","1615.3","1.47"
"02/03/2023","16","1622.8","1.49"
"02/03/2023","16","1965.8","1.5"
"02/03/2023","16","2013.8","1.56"
"02/03/2023","16","2065.6","1.6"
"02/03/2023","16","2125.6","1.65"
"02/03/2023","16","2145.6","1.69"
"02/03/2023","16","2175.6","1.89"
"02/03/2023","16","2283.6","1.95"
"02/03/2023","16","2329.6","1.98"
"02/03/2023","16","2349.6","1.99"
"02/03/2023","16","2399.9","2"
"02/03/2023","16","2416.7","2.01"
"02/03/2023","16","2438.2","2.06"
"02/03/2023","16","2479.2","2.11"
"02/03/2023","16","2506.7","2.39"
"02/03/2023","16","2520.9","2.4"
"02/03/2023","16","2566.9","2.49"
"02/03/2023","16","2604","2.81"
"02/03/2023","16","2634","2.89"
"02/03/2023","16","2650.5","2.91"
"02/03/2023","16","2686.5","3"
"02/03/2023","16","2701.5","3.02"
"02/03/2023","16","2716.5","3.04"
"02/03/2023","16","2741.5","3.39"
"02/03/2023","16","2751.5","4"
"02/03/2023","16","2765.5","4.15"
"02/03/2023","16","2837.5","4.35"
"02/03/2023","16","2852.5","4.51"
"02/03/2023","16","2867.5","4.53"
"02/03/2023","16","2901.5","4.95"
"02/03/2023","16","2978.5","5"
"02/03/2023","16","3018.5","5.97"
"02/03/2023","16","3051.5","7.97"
"02/03/2023","16","3111.5","10.01"
"02/03/2023","16","3183.5","10.35"
"02/03/2023","16","3194.5","13.15"
"02/03/2023","16","3266.5","16.35"
"02/03/2023","16","3323.5","31.35"
"02/03/2023","16","3333.5","50.01"
"02/03/2023","16","3341","66.83"
"02/03/2023","16","3343","74.95"
"02/03/2023","16","3350.5","81.2"
"02/03/2023","16","3375.5","87.22"
"02/03/2023","16","3405.5","100"
"02/03/2023","16","3413","100.9"
"02/03/2023","16","3420.5","129.65"
"02/03/2023","16","3460.5","400"
"02/03/2023","16","3460.6","5000"
"02/03/2023","17","124.7","0"
"02/03/2023","17","325",".01"
"02/03/2023","17","340",".04"
"02/03/2023","17","347.5",".08"
"02/03/2023","17","356.5",".29"
"02/03/2023","17","376.5",".33"
"02/03/2023","17","385.5",".49"
"02/03/2023","17","415.2",".5"
"02/03/2023","17","431.2",".52"
"02/03/2023","17","487.2",".63"
"02/03/2023","17","502.2",".64"
"02/03/2023","17","517.2",".71"
"02/03/2023","17","530.2",".73"
"02/03/2023","17","560.2",".75"
"02/03/2023","17","587.2",".78"
"02/03/2023","17","625.2",".79"
"02/03/2023","17","652.2",".8"
"02/03/2023","17","695.2",".81"
"02/03/2023","17","708.2",".82"
"02/03/2023","17","724",".94"
"02/03/2023","17","728.2",".96"
"02/03/2023","17","750.7",".98"
"02/03/2023","17","895.7","1"
"02/03/2023","17","899.7","1.05"
"02/03/2023","17","922.2","1.12"
"02/03/2023","17","926.2","1.19"
"02/03/2023","17","1047.6","1.2"
"02/03/2023","17","1088.8","1.21"
"02/03/2023","17","1188.8","1.26"
"02/03/2023","17","1196.3","1.29"
"02/03/2023","17","1256.3","1.3"
"02/03/2023","17","1298.3","1.31"
"02/03/2023","17","1318.3","1.42"
"02/03/2023","17","1325.8","1.49"
"02/03/2023","17","1574.8","1.5"
"02/03/2023","17","1622.8","1.56"
"02/03/2023","17","1674.6","1.6"
"02/03/2023","17","1734.6","1.65"
"02/03/2023","17","1746.6","1.75"
"02/03/2023","17","1854.6","1.95"
"02/03/2023","17","1874.6","1.99"
"02/03/2023","17","1924.9","2"
"02/03/2023","17","1941.7","2.01"
"02/03/2023","17","1961.7","2.02"
"02/03/2023","17","1984.2","2.04"
"02/03/2023","17","2025.2","2.11"
"02/03/2023","17","2047.7","2.18"
"02/03/2023","17","2059.7","2.19"
"02/03/2023","17","2074.7","2.37"
"02/03/2023","17","2134.7","2.39"
"02/03/2023","17","2148.9","2.4"
"02/03/2023","17","2163.9","2.44"
"02/03/2023","17","2214.9","2.49"
"02/03/2023","17","2229.9","2.6"
"02/03/2023","17","2258.9","2.65"
"02/03/2023","17","2273.9","2.69"
"02/03/2023","17","2288.9","2.76"
"02/03/2023","17","2326","2.81"
"02/03/2023","17","2341","2.84"
"02/03/2023","17","2357.5","2.91"
"02/03/2023","17","2488.5","3"
"02/03/2023","17","2496","3.16"
"02/03/2023","17","2516","3.24"
"02/03/2023","17","2611","3.39"
"02/03/2023","17","2623","3.4"
"02/03/2023","17","2650","3.65"
"02/03/2023","17","2671.5","3.92"
"02/03/2023","17","2681.5","4"
"02/03/2023","17","2753.5","4.35"
"02/03/2023","17","2767.5","4.48"
"02/03/2023","17","2797.5","4.69"
"02/03/2023","17","2831.5","4.95"
"02/03/2023","17","2908.5","5"
"02/03/2023","17","2916","5.25"
"02/03/2023","17","2923.5","5.81"
"02/03/2023","17","2969.5","5.97"
"02/03/2023","17","2984.5","6.44"
"02/03/2023","17","2999.5","6.46"
"02/03/2023","17","3014.5","7.93"
"02/03/2023","17","3029.5","7.95"
"02/03/2023","17","3075.5","7.97"
"02/03/2023","17","3135.5","10.02"
"02/03/2023","17","3207.5","10.35"
"02/03/2023","17","3247.5","11.97"
"02/03/2023","17","3319.5","16.35"
"02/03/2023","17","3327","18.11"
"02/03/2023","17","3360","19.97"
"02/03/2023","17","3371","25.2"
"02/03/2023","17","3378.5","30.2"
"02/03/2023","17","3435.5","31.35"
"02/03/2023","17","3443","36.22"
"02/03/2023","17","3453","50.01"
"02/03/2023","17","3460.5","60.41"
"02/03/2023","17","3462.5","77.45"
"02/03/2023","17","3487.5","90.46"
"02/03/2023","17","3527.5","400"
"02/03/2023","17","3527.6","5000"
"02/03/2023","18","124.7","0"
"02/03/2023","18","149.5",".01"
"02/03/2023","18","158.5",".29"
"02/03/2023","18","167.5",".49"
"02/03/2023","18","197.2",".5"
"02/03/2023","18","253.2",".63"
"02/03/2023","18","266.2",".73"
"02/03/2023","18","281.2",".75"
"02/03/2023","18","308.2",".78"
"02/03/2023","18","331.2",".79"
"02/03/2023","18","358.2",".8"
"02/03/2023","18","401.2",".81"
"02/03/2023","18","414.2",".82"
"02/03/2023","18","515.2","1"
"02/03/2023","18","555.2","1.01"
"02/03/2023","18","559.2","1.19"
"02/03/2023","18","680.6","1.2"
"02/03/2023","18","721.8","1.21"
"02/03/2023","18","821.8","1.26"
"02/03/2023","18","829.3","1.29"
"02/03/2023","18","889.3","1.3"
"02/03/2023","18","931.3","1.31"
"02/03/2023","18","938.8","1.49"
"02/03/2023","18","1137.8","1.5"
"02/03/2023","18","1185.8","1.56"
"02/03/2023","18","1237.6","1.6"
"02/03/2023","18","1297.6","1.65"
"02/03/2023","18","1423.7","1.95"
"02/03/2023","18","1474.7","1.98"
"02/03/2023","18","1496.7","1.99"
"02/03/2023","18","1547","2"
"02/03/2023","18","1563.8","2.01"
"02/03/2023","18","1604.8","2.11"
"02/03/2023","18","1619","2.4"
"02/03/2023","18","1665","2.49"
"02/03/2023","18","1702.1","2.81"
"02/03/2023","18","1718.6","2.91"
"02/03/2023","18","1849.6","3"
"02/03/2023","18","1899.6","3.69"
"02/03/2023","18","1909.6","4"
"02/03/2023","18","1943.6","4.95"
"02/03/2023","18","2024.6","5"
"02/03/2023","18","2053.6","5.06"
"02/03/2023","18","2068.6","5.69"
"02/03/2023","18","2110.6","5.97"
"02/03/2023","18","2210.6","9.98"
"02/03/2023","18","2218.1","10.05"
"02/03/2023","18","2222.1","10.43"
"02/03/2023","18","2272.1","10.69"
"02/03/2023","18","2279.6","10.78"
"02/03/2023","18","2299.6","10.99"
"02/03/2023","18","2307.1","11"
"02/03/2023","18","2323.1","11.48"
"02/03/2023","18","2330.6","11.8"
"02/03/2023","18","2350.6","11.9"
"02/03/2023","18","2360.6","12.12"
"02/03/2023","18","2380.6","12.61"
"02/03/2023","18","2394.6","12.99"
"02/03/2023","18","2414.6","14.09"
"02/03/2023","18","2428.6","14.29"
"02/03/2023","18","2448.6","14.75"
"02/03/2023","18","2462.6","15.03"
"02/03/2023","18","2534.6","15.15"
"02/03/2023","18","2571.6","15.49"
"02/03/2023","18","2585.6","15.85"
"02/03/2023","18","2593.1","16.19"
"02/03/2023","18","2608.1","16.38"
"02/03/2023","18","2628.1","16.71"
"02/03/2023","18","2644.1","16.9"
"02/03/2023","18","2651.6","16.95"
"02/03/2023","18","2674.1","17"
"02/03/2023","18","2689.1","17.02"
"02/03/2023","18","2704.1","17.09"
"02/03/2023","18","2719.1","17.13"
"02/03/2023","18","2734.1","17.17"
"02/03/2023","18","2738.3","17.34"
"02/03/2023","18","2760.8","17.5"
"02/03/2023","18","2776.6","17.52"
"02/03/2023","18","2796.6","17.8"
"02/03/2023","18","2819.1","18.06"
"02/03/2023","18","2831.1","18.13"
"02/03/2023","18","2851.1","18.4"
"02/03/2023","18","2858.6","18.45"
"02/03/2023","18","2881.1","18.56"
"02/03/2023","18","2893.1","18.57"
"02/03/2023","18","2908.1","18.75"
"02/03/2023","18","2923.1","18.82"
"02/03/2023","18","2930.6","18.93"
"02/03/2023","18","2945.6","18.98"
"02/03/2023","18","2960.6","19.07"
"02/03/2023","18","2975.6","19.14"
"02/03/2023","18","2990.6","19.22"
"02/03/2023","18","3010.6","19.62"
"02/03/2023","18","3022.6","19.78"
"02/03/2023","18","3042.1","20.03"
"02/03/2023","18","3049.6","20.3"
"02/03/2023","18","3057.1","20.54"
"02/03/2023","18","3064.6","22.19"
"02/03/2023","18","3079.6","22.82"
"02/03/2023","18","3094.6","22.84"
"02/03/2023","18","3109.6","24.31"
"02/03/2023","18","3124.6","24.33"
"02/03/2023","18","3138.6","28.73"
"02/03/2023","18","3210.6","30.15"
"02/03/2023","18","3221.6","40.13"
"02/03/2023","18","3231.6","50.01"
"02/03/2023","18","3303.6","55.15"
"02/03/2023","18","3360.6","80.15"
"02/03/2023","18","3385.6","86.45"
"02/03/2023","18","3387.6","87.26"
"02/03/2023","18","3427.6","400"
"02/03/2023","18","3427.7","5000"
"02/03/2023","19","124.7","0"
"02/03/2023","19","149.5",".01"
"02/03/2023","19","158.5",".29"
"02/03/2023","19","167.5",".49"
"02/03/2023","19","197.2",".5"
"02/03/2023","19","253.2",".63"
"02/03/2023","19","266.2",".73"
"02/03/2023","19","281.2",".75"
"02/03/2023","19","308.2",".78"
"02/03/2023","19","332.7",".79"
"02/03/2023","19","359.7",".8"
"02/03/2023","19","402.7",".81"
"02/03/2023","19","415.7",".82"
"02/03/2023","19","455.7",".97"
"02/03/2023","19","556.7","1"
"02/03/2023","19","558.6","1.05"
"02/03/2023","19","562.6","1.19"
"02/03/2023","19","684","1.2"
"02/03/2023","19","725.2","1.21"
"02/03/2023","19","825.2","1.26"
"02/03/2023","19","835.7","1.29"
"02/03/2023","19","895.7","1.3"
"02/03/2023","19","937.7","1.31"
"02/03/2023","19","946.7","1.49"
"02/03/2023","19","1141.2","1.5"
"02/03/2023","19","1189.2","1.56"
"02/03/2023","19","1241","1.6"
"02/03/2023","19","1301","1.65"
"02/03/2023","19","1427.1","1.95"
"02/03/2023","19","1479.6","1.98"
"02/03/2023","19","1496.6","1.99"
"02/03/2023","19","1546.9","2"
"02/03/2023","19","1563.7","2.01"
"02/03/2023","19","1604.7","2.11"
"02/03/2023","19","1618.9","2.4"
"02/03/2023","19","1665.9","2.49"
"02/03/2023","19","1705.9","2.69"
"02/03/2023","19","1743","2.81"
"02/03/2023","19","1759.5","2.91"
"02/03/2023","19","1890.5","3"
"02/03/2023","19","1980.5","3.69"
"02/03/2023","19","1990.5","4"
"02/03/2023","19","2019.5","4.62"
"02/03/2023","19","2053.5","4.95"
"02/03/2023","19","2134.5","5"
"02/03/2023","19","2146.5","5.69"
"02/03/2023","19","2188.5","5.97"
"02/03/2023","19","2202.5","8.7"
"02/03/2023","19","2262.5","9.96"
"02/03/2023","19","2274.5","10.69"
"02/03/2023","19","2282","12.42"
"02/03/2023","19","2289.5","13.32"
"02/03/2023","19","2297","13.38"
"02/03/2023","19","2317","13.53"
"02/03/2023","19","2357","13.97"
"02/03/2023","19","2373","14.02"
"02/03/2023","19","2380.5","14.34"
"02/03/2023","19","2400.5","14.44"
"02/03/2023","19","2410.5","14.66"
"02/03/2023","19","2502.5","15.15"
"02/03/2023","19","2516.5","15.53"
"02/03/2023","19","2536.5","16.63"
"02/03/2023","19","2550.5","16.83"
"02/03/2023","19","2570.5","17.29"
"02/03/2023","19","2584.5","17.57"
"02/03/2023","19","2592","18.73"
"02/03/2023","19","2607","18.92"
"02/03/2023","19","2627","19.25"
"02/03/2023","19","2643","19.44"
"02/03/2023","19","2665.5","19.48"
"02/03/2023","19","2680.5","19.56"
"02/03/2023","19","2695.5","19.63"
"02/03/2023","19","2703","19.66"
"02/03/2023","19","2718","19.67"
"02/03/2023","19","2733","19.71"
"02/03/2023","19","2737.2","19.88"
"02/03/2023","19","2770.2","19.97"
"02/03/2023","19","2792.7","20.04"
"02/03/2023","19","2808.5","20.09"
"02/03/2023","19","2828.5","20.34"
"02/03/2023","19","2851","20.54"
"02/03/2023","19","2863","20.67"
"02/03/2023","19","2870.5","20.82"
"02/03/2023","19","2890.5","20.94"
"02/03/2023","19","2913","21.1"
"02/03/2023","19","2925","21.11"
"02/03/2023","19","2940","21.29"
"02/03/2023","19","2947.5","21.3"
"02/03/2023","19","2962.5","21.36"
"02/03/2023","19","2977.5","21.52"
"02/03/2023","19","2991.5","21.57"
"02/03/2023","19","3006.5","21.61"
"02/03/2023","19","3021.5","21.68"
"02/03/2023","19","3036.5","21.76"
"02/03/2023","19","3056.5","22.16"
"02/03/2023","19","3068.5","22.32"
"02/03/2023","19","3088","22.57"
"02/03/2023","19","3095.5","22.84"
"02/03/2023","19","3103","22.91"
"02/03/2023","19","3110.5","24.73"
"02/03/2023","19","3125.5","25.36"
"02/03/2023","19","3140.5","25.38"
"02/03/2023","19","3151.5","26.1"
"02/03/2023","19","3166.5","26.85"
"02/03/2023","19","3181.5","26.87"
"02/03/2023","19","3253.5","30.15"
"02/03/2023","19","3263.5","50.01"
"02/03/2023","19","3335.5","55.15"
"02/03/2023","19","3392.5","80.15"
"02/03/2023","19","3417.5","85.98"
"02/03/2023","19","3457.5","400"
"02/03/2023","19","3457.6","5000"
"02/03/2023","20","124.7","0"
"02/03/2023","20","149.5",".01"
"02/03/2023","20","158.5",".29"
"02/03/2023","20","167.5",".49"
"02/03/2023","20","197.2",".5"
"02/03/2023","20","253.2",".63"
"02/03/2023","20","266.2",".73"
"02/03/2023","20","281.2",".75"
"02/03/2023","20","308.2",".78"
"02/03/2023","20","332.7",".79"
"02/03/2023","20","359.7",".8"
"02/03/2023","20","402.7",".81"
"02/03/2023","20","415.7",".82"
"02/03/2023","20","520.7","1"
"02/03/2023","20","560.7","1.02"
"02/03/2023","20","562.6","1.05"
"02/03/2023","20","566.6","1.19"
"02/03/2023","20","688","1.2"
"02/03/2023","20","729.2","1.21"
"02/03/2023","20","829.2","1.26"
"02/03/2023","20","890.7","1.29"
"02/03/2023","20","950.7","1.3"
"02/03/2023","20","992.7","1.31"
"02/03/2023","20","1001.7","1.49"
"02/03/2023","20","1221.2","1.5"
"02/03/2023","20","1269.2","1.56"
"02/03/2023","20","1321","1.6"
"02/03/2023","20","1381","1.65"
"02/03/2023","20","1451","1.69"
"02/03/2023","20","1577.1","1.95"
"02/03/2023","20","1624.6","1.98"
"02/03/2023","20","1641.6","1.99"
"02/03/2023","20","1691.9","2"
"02/03/2023","20","1708.7","2.01"
"02/03/2023","20","1749.7","2.11"
"02/03/2023","20","1778.7","2.19"
"02/03/2023","20","1792.9","2.4"
"02/03/2023","20","1839.9","2.49"
"02/03/2023","20","1899.9","2.69"
"02/03/2023","20","1937","2.81"
"02/03/2023","20","1953.5","2.91"
"02/03/2023","20","1989.5","3"
"02/03/2023","20","2039.5","3.69"
"02/03/2023","20","2049.5","4"
"02/03/2023","20","2083.5","4.95"
"02/03/2023","20","2160.5","5"
"02/03/2023","20","2174.5","5.68"
"02/03/2023","20","2186.5","5.69"
"02/03/2023","20","2226.5","5.97"
"02/03/2023","20","2234","7.3"
"02/03/2023","20","2241.5","7.83"
"02/03/2023","20","2274.5","7.97"
"02/03/2023","20","2294.5","8.04"
"02/03/2023","20","2302","8.25"
"02/03/2023","20","2318","8.53"
"02/03/2023","20","2325.5","8.85"
"02/03/2023","20","2345.5","8.95"
"02/03/2023","20","2355.5","9.17"
"02/03/2023","20","2375.5","9.66"
"02/03/2023","20","2449.5","10.04"
"02/03/2023","20","2461.5","10.69"
"02/03/2023","20","2481.5","11.14"
"02/03/2023","20","2495.5","11.34"
"02/03/2023","20","2515.5","11.8"
"02/03/2023","20","2529.5","12.08"
"02/03/2023","20","2543.5","12.44"
"02/03/2023","20","2551","13.24"
"02/03/2023","20","2566","13.43"
"02/03/2023","20","2586","13.76"
"02/03/2023","20","2593.5","13.8"
"02/03/2023","20","2609.5","13.95"
"02/03/2023","20","2624.5","14.07"
"02/03/2023","20","2647","14.11"
"02/03/2023","20","2662","14.14"
"02/03/2023","20","2677","14.18"
"02/03/2023","20","2692","14.22"
"02/03/2023","20","2696.2","14.39"
"02/03/2023","20","2712","14.54"
"02/03/2023","20","2734.5","14.55"
"02/03/2023","20","2754.5","14.85"
"02/03/2023","20","2826.5","15.15"
"02/03/2023","20","2849","15.17"
"02/03/2023","20","2861","15.18"
"02/03/2023","20","2881","15.45"
"02/03/2023","20","2903.5","15.61"
"02/03/2023","20","2915.5","15.62"
"02/03/2023","20","2923","15.7"
"02/03/2023","20","2938","15.8"
"02/03/2023","20","2953","15.87"
"02/03/2023","20","2968","16.03"
"02/03/2023","20","2983","16.12"
"02/03/2023","20","2990.5","16.18"
"02/03/2023","20","3005.5","16.19"
"02/03/2023","20","3020.5","16.27"
"02/03/2023","20","3040.5","16.67"
"02/03/2023","20","3052.5","16.83"
"02/03/2023","20","3072","17.08"
"02/03/2023","20","3079.5","17.35"
"02/03/2023","20","3087","17.78"
"02/03/2023","20","3094.5","19.24"
"02/03/2023","20","3109.5","19.87"
"02/03/2023","20","3124.5","19.89"
"02/03/2023","20","3159.5","20"
"02/03/2023","20","3174.5","21.36"
"02/03/2023","20","3189.5","21.38"
"02/03/2023","20","3200.5","26.1"
"02/03/2023","20","3272.5","30.15"
"02/03/2023","20","3282.5","50.01"
"02/03/2023","20","3354.5","55.15"
"02/03/2023","20","3411.5","80.15"
"02/03/2023","20","3436.5","152.18"
"02/03/2023","20","3476.5","400"
"02/03/2023","21","124.7","0"
"02/03/2023","21","149.5",".01"
"02/03/2023","21","158.5",".29"
"02/03/2023","21","167.5",".49"
"02/03/2023","21","197.2",".5"
"02/03/2023","21","253.2",".63"
"02/03/2023","21","266.2",".73"
"02/03/2023","21","281.2",".75"
"02/03/2023","21","308.2",".78"
"02/03/2023","21","332.7",".79"
"02/03/2023","21","359.7",".8"
"02/03/2023","21","402.7",".81"
"02/03/2023","21","415.7",".82"
"02/03/2023","21","455.7",".98"
"02/03/2023","21","560.7","1"
"02/03/2023","21","563.6","1.05"
"02/03/2023","21","567.6","1.19"
"02/03/2023","21","689","1.2"
"02/03/2023","21","730.2","1.21"
"02/03/2023","21","825.2","1.25"
"02/03/2023","21","925.2","1.26"
"02/03/2023","21","986.7","1.29"
"02/03/2023","21","1046.7","1.3"
"02/03/2023","21","1088.7","1.31"
"02/03/2023","21","1097.7","1.49"
"02/03/2023","21","1292.2","1.5"
"02/03/2023","21","1340.2","1.56"
"02/03/2023","21","1392","1.6"
"02/03/2023","21","1452","1.65"
"02/03/2023","21","1512","1.69"
"02/03/2023","21","1638.1","1.95"
"02/03/2023","21","1685.6","1.98"
"02/03/2023","21","1702.6","1.99"
"02/03/2023","21","1752.9","2"
"02/03/2023","21","1798.7","2.01"
"02/03/2023","21","1839.7","2.11"
"02/03/2023","21","1859.7","2.39"
"02/03/2023","21","1873.9","2.4"
"02/03/2023","21","1920.9","2.49"
"02/03/2023","21","1960.9","2.69"
"02/03/2023","21","1998","2.81"
"02/03/2023","21","2008","2.89"
"02/03/2023","21","2024.5","2.91"
"02/03/2023","21","2060.5","3"
"02/03/2023","21","2130.5","3.69"
"02/03/2023","21","2140.5","4"
"02/03/2023","21","2170.5","4.69"
"02/03/2023","21","2178","4.94"
"02/03/2023","21","2212","4.95"
"02/03/2023","21","2289","5"
"02/03/2023","21","2296.5","5.3"
"02/03/2023","21","2316.5","5.51"
"02/03/2023","21","2328.5","5.69"
"02/03/2023","21","2336","5.89"
"02/03/2023","21","2376","5.97"
"02/03/2023","21","2392","6"
"02/03/2023","21","2399.5","6.32"
"02/03/2023","21","2413.5","6.37"
"02/03/2023","21","2433.5","6.42"
"02/03/2023","21","2443.5","6.64"
"02/03/2023","21","2463.5","7.13"
"02/03/2023","21","2477.5","7.51"
"02/03/2023","21","2510.5","7.97"
"02/03/2023","21","2530.5","8.61"
"02/03/2023","21","2544.5","8.81"
"02/03/2023","21","2564.5","9.27"
"02/03/2023","21","2578.5","9.55"
"02/03/2023","21","2592.5","9.78"
"02/03/2023","21","2652.5","9.98"
"02/03/2023","21","2664.5","10.69"
"02/03/2023","21","2672","10.71"
"02/03/2023","21","2687","10.9"
"02/03/2023","21","2694.5","11.1"
"02/03/2023","21","2714.5","11.23"
"02/03/2023","21","2730.5","11.42"
"02/03/2023","21","2745.5","11.54"
"02/03/2023","21","2760.5","11.61"
"02/03/2023","21","2783","11.64"
"02/03/2023","21","2798","11.65"
"02/03/2023","21","2813","11.69"
"02/03/2023","21","2817.2","11.86"
"02/03/2023","21","2833","11.97"
"02/03/2023","21","2855.5","12.02"
"02/03/2023","21","2875.5","12.32"
"02/03/2023","21","2887.5","12.65"
"02/03/2023","21","2910","12.7"
"02/03/2023","21","2930","12.92"
"02/03/2023","21","2952.5","13.08"
"02/03/2023","21","2964.5","13.09"
"02/03/2023","21","2979.5","13.27"
"02/03/2023","21","3002","13.34"
"02/03/2023","21","3017","13.5"
"02/03/2023","21","3032","13.59"
"02/03/2023","21","3047","13.66"
"02/03/2023","21","3062","13.74"
"02/03/2023","21","3069.5","13.82"
"02/03/2023","21","3089.5","14.14"
"02/03/2023","21","3101.5","14.3"
"02/03/2023","21","3121","14.55"
"02/03/2023","21","3128.5","14.82"
"02/03/2023","21","3200.5","15.15"
"02/03/2023","21","3208","15.42"
"02/03/2023","21","3215.5","16.71"
"02/03/2023","21","3230.5","17.34"
"02/03/2023","21","3245.5","17.36"
"02/03/2023","21","3256.5","17.6"
"02/03/2023","21","3271.5","18.83"
"02/03/2023","21","3286.5","18.85"
"02/03/2023","21","3358.5","21.15"
"02/03/2023","21","3430.5","27.15"
"02/03/2023","21","3487.5","42.15"
"02/03/2023","21","3497.5","50.01"
"02/03/2023","21","3522.5","157.39"
"02/03/2023","21","3562.5","400"
"02/03/2023","21","3562.6","5000"
"02/03/2023","22","124.7","0"
"02/03/2023","22","149.5",".01"
"02/03/2023","22","158.5",".29"
"02/03/2023","22","167.5",".49"
"02/03/2023","22","197.2",".5"
"02/03/2023","22","253.2",".63"
"02/03/2023","22","266.2",".73"
"02/03/2023","22","281.2",".75"
"02/03/2023","22","308.2",".78"
"02/03/2023","22","332.7",".79"
"02/03/2023","22","359.7",".8"
"02/03/2023","22","402.7",".81"
"02/03/2023","22","415.7",".82"
"02/03/2023","22","455.7",".98"
"02/03/2023","22","560.7","1"
"02/03/2023","22","563.6","1.05"
"02/03/2023","22","567.6","1.19"
"02/03/2023","22","675","1.2"
"02/03/2023","22","716.2","1.21"
"02/03/2023","22","811.2","1.25"
"02/03/2023","22","911.2","1.26"
"02/03/2023","22","972.7","1.29"
"02/03/2023","22","1032.7","1.3"
"02/03/2023","22","1074.7","1.31"
"02/03/2023","22","1094.7","1.39"
"02/03/2023","22","1102.2","1.48"
"02/03/2023","22","1111.2","1.49"
"02/03/2023","22","1304.7","1.5"
"02/03/2023","22","1352.7","1.56"
"02/03/2023","22","1360.2","1.59"
"02/03/2023","22","1412","1.6"
"02/03/2023","22","1472","1.65"
"02/03/2023","22","1512","1.69"
"02/03/2023","22","1532","1.8"
"02/03/2023","22","1658.1","1.95"
"02/03/2023","22","1705.6","1.98"
"02/03/2023","22","1720.6","1.99"
"02/03/2023","22","1799.9","2"
"02/03/2023","22","1816.7","2.01"
"02/03/2023","22","1857.7","2.11"
"02/03/2023","22","1873.7","2.29"
"02/03/2023","22","1893.7","2.39"
"02/03/2023","22","1907.9","2.4"
"02/03/2023","22","1915.4","2.43"
"02/03/2023","22","1962.4","2.49"
"02/03/2023","22","1969.9","2.61"
"02/03/2023","22","2009.9","2.69"
"02/03/2023","22","2029.9","2.71"
"02/03/2023","22","2067","2.81"
"02/03/2023","22","2083.5","2.91"
"02/03/2023","22","2093.5","2.93"
"02/03/2023","22","2129.5","3"
"02/03/2023","22","2149.5","3.29"
"02/03/2023","22","2169.5","3.42"
"02/03/2023","22","2183.5","3.53"
"02/03/2023","22","2243.5","3.69"
"02/03/2023","22","2257.5","3.8"
"02/03/2023","22","2267.5","4"
"02/03/2023","22","2297.5","4.69"
"02/03/2023","22","2311.5","4.81"
"02/03/2023","22","2331.5","4.9"
"02/03/2023","22","2365.5","4.95"
"02/03/2023","22","2442.5","5"
"02/03/2023","22","2456.5","5.1"
"02/03/2023","22","2476.5","5.56"
"02/03/2023","22","2490.5","5.84"
"02/03/2023","22","2530.5","5.97"
"02/03/2023","22","2538","7"
"02/03/2023","22","2545.5","7.15"
"02/03/2023","22","2560.5","7.19"
"02/03/2023","22","2580.5","7.52"
"02/03/2023","22","2596.5","7.71"
"02/03/2023","22","2611.5","7.83"
"02/03/2023","22","2626.5","7.9"
"02/03/2023","22","2641.5","7.94"
"02/03/2023","22","2674.5","7.97"
"02/03/2023","22","2689.5","7.98"
"02/03/2023","22","2712","8.01"
"02/03/2023","22","2788.2","8.15"
"02/03/2023","22","2804","8.22"
"02/03/2023","22","2826.5","8.31"
"02/03/2023","22","2846.5","8.61"
"02/03/2023","22","2858.5","8.94"
"02/03/2023","22","2881","9.07"
"02/03/2023","22","2901","9.21"
"02/03/2023","22","2923.5","9.37"
"02/03/2023","22","2935.5","9.38"
"02/03/2023","22","2950.5","9.56"
"02/03/2023","22","2965.5","9.63"
"02/03/2023","22","2980.5","9.79"
"02/03/2023","22","2988","9.87"
"02/03/2023","22","3003","9.88"
"02/03/2023","22","3018","9.95"
"02/03/2023","22","3078","10.01"
"02/03/2023","22","3093","10.03"
"02/03/2023","22","3100.5","10.36"
"02/03/2023","22","3120.5","10.43"
"02/03/2023","22","3132.5","10.59"
"02/03/2023","22","3152","10.84"
"02/03/2023","22","3159.5","11.11"
"02/03/2023","22","3167","11.96"
"02/03/2023","22","3174.5","13"
"02/03/2023","22","3189.5","13.63"
"02/03/2023","22","3204.5","13.65"
"02/03/2023","22","3276.5","14.15"
"02/03/2023","22","3291.5","15.12"
"02/03/2023","22","3306.5","15.14"
"02/03/2023","22","3317.5","16.47"
"02/03/2023","22","3389.5","20.15"
"02/03/2023","22","3446.5","35.15"
"02/03/2023","22","3456.5","50.01"
"02/03/2023","22","3481.5","89.77"
"02/03/2023","22","3521.5","400"
"02/03/2023","22","3521.6","5000"
"02/03/2023","23","124.7","0"
"02/03/2023","23","149.5",".01"
"02/03/2023","23","158.5",".29"
"02/03/2023","23","167.5",".49"
"02/03/2023","23","197.2",".5"
"02/03/2023","23","253.2",".63"
"02/03/2023","23","266.2",".73"
"02/03/2023","23","281.2",".75"
"02/03/2023","23","308.2",".78"
"02/03/2023","23","332.7",".79"
"02/03/2023","23","359.7",".8"
"02/03/2023","23","402.7",".81"
"02/03/2023","23","415.7",".82"
"02/03/2023","23","455.7",".97"
"02/03/2023","23","690.7","1"
"02/03/2023","23","693.6","1.05"
"02/03/2023","23","697.6","1.19"
"02/03/2023","23","805","1.2"
"02/03/2023","23","846.2","1.21"
"02/03/2023","23","941.2","1.25"
"02/03/2023","23","1041.2","1.26"
"02/03/2023","23","1102.7","1.29"
"02/03/2023","23","1162.7","1.3"
"02/03/2023","23","1204.7","1.31"
"02/03/2023","23","1224.7","1.39"
"02/03/2023","23","1233.7","1.49"
"02/03/2023","23","1257.2","1.5"
"02/03/2023","23","1305.2","1.56"
"02/03/2023","23","1357","1.6"
"02/03/2023","23","1397","1.69"
"02/03/2023","23","1523.1","1.95"
"02/03/2023","23","1570.6","1.98"
"02/03/2023","23","1585.6","1.99"
"02/03/2023","23","1635.9","2"
"02/03/2023","23","1652.7","2.01"
"02/03/2023","23","1693.7","2.11"
"02/03/2023","23","1713.7","2.39"
"02/03/2023","23","1727.9","2.4"
"02/03/2023","23","1735.4","2.48"
"02/03/2023","23","1782.4","2.49"
"02/03/2023","23","1789.9","2.66"
"02/03/2023","23","1829.9","2.69"
"02/03/2023","23","1867","2.81"
"02/03/2023","23","1887","2.87"
"02/03/2023","23","1916","2.9"
"02/03/2023","23","1932.5","2.91"
"02/03/2023","23","2018.9","3"
"02/03/2023","23","2090.9","3.15"
"02/03/2023","23","2110.9","3.29"
"02/03/2023","23","2126.9","3.36"
"02/03/2023","23","2134.4","3.43"
"02/03/2023","23","2148.4","3.47"
"02/03/2023","23","2155.9","3.68"
"02/03/2023","23","2195.9","3.69"
"02/03/2023","23","2215.9","3.78"
"02/03/2023","23","2235.9","4"
"02/03/2023","23","2242.5","4.05"
"02/03/2023","23","2262.5","4.49"
"02/03/2023","23","2292.5","4.69"
"02/03/2023","23","2306.5","4.87"
"02/03/2023","23","2340.5","4.95"
"02/03/2023","23","2442.5","5"
"02/03/2023","23","2456.5","5.44"
"02/03/2023","23","2516.5","5.97"
"02/03/2023","23","2530.5","6.17"
"02/03/2023","23","2550.5","6.63"
"02/03/2023","23","2564.5","6.91"
"02/03/2023","23","2597.5","7.97"
"02/03/2023","23","2605","8.07"
"02/03/2023","23","2620","8.26"
"02/03/2023","23","2627.5","8.29"
"02/03/2023","23","2647.5","8.59"
"02/03/2023","23","2663.5","8.78"
"02/03/2023","23","2678.5","8.9"
"02/03/2023","23","2693.5","8.97"
"02/03/2023","23","2708.5","9.01"
"02/03/2023","23","2723.5","9.05"
"02/03/2023","23","2746","9.06"
"02/03/2023","23","2818","9.15"
"02/03/2023","23","2822.2","9.22"
"02/03/2023","23","2838","9.3"
"02/03/2023","23","2860.5","9.38"
"02/03/2023","23","2880.5","9.68"
"02/03/2023","23","2940.5","9.98"
"02/03/2023","23","2952.5","10.01"
"02/03/2023","23","2975","10.12"
"02/03/2023","23","2995","10.28"
"02/03/2023","23","3017.5","10.44"
"02/03/2023","23","3029.5","10.45"
"02/03/2023","23","3044.5","10.63"
"02/03/2023","23","3059.5","10.7"
"02/03/2023","23","3074.5","10.86"
"02/03/2023","23","3082","10.87"
"02/03/2023","23","3097","10.95"
"02/03/2023","23","3112","11.02"
"02/03/2023","23","3127","11.1"
"02/03/2023","23","3134.5","11.36"
"02/03/2023","23","3154.5","11.5"
"02/03/2023","23","3166.5","11.66"
"02/03/2023","23","3186","11.91"
"02/03/2023","23","3193.5","12.18"
"02/03/2023","23","3201","12.96"
"02/03/2023","23","3208.5","14.07"
"02/03/2023","23","3223.5","14.7"
"02/03/2023","23","3238.5","14.72"
"02/03/2023","23","3310.5","15.15"
"02/03/2023","23","3321.5","16.17"
"02/03/2023","23","3336.5","16.19"
"02/03/2023","23","3351.5","16.21"
"02/03/2023","23","3408.5","30.15"
"02/03/2023","23","3428.5","50.01"
"02/03/2023","23","3468.5","400"
"02/03/2023","23","3468.6","5000"
"02/03/2023","24","124.7","0"
"02/03/2023","24","169.5",".01"
"02/03/2023","24","185.5",".16"
"02/03/2023","24","205.5",".2"
"02/03/2023","24","214.5",".29"
"02/03/2023","24","224.5",".4"
"02/03/2023","24","233.5",".49"
"02/03/2023","24","263.2",".5"
"02/03/2023","24","319.2",".63"
"02/03/2023","24","332.2",".73"
"02/03/2023","24","347.2",".75"
"02/03/2023","24","374.2",".78"
"02/03/2023","24","398.7",".79"
"02/03/2023","24","425.7",".8"
"02/03/2023","24","468.7",".81"
"02/03/2023","24","481.7",".82"
"02/03/2023","24","501.7",".86"
"02/03/2023","24","541.7",".96"
"02/03/2023","24","776.7","1"
"02/03/2023","24","779.6","1.05"
"02/03/2023","24","783.6","1.19"
"02/03/2023","24","905","1.2"
"02/03/2023","24","946.2","1.21"
"02/03/2023","24","960.2","1.24"
"02/03/2023","24","1055.2","1.25"
"02/03/2023","24","1155.2","1.26"
"02/03/2023","24","1216.7","1.29"
"02/03/2023","24","1276.7","1.3"
"02/03/2023","24","1318.7","1.31"
"02/03/2023","24","1338.7","1.39"
"02/03/2023","24","1347.7","1.49"
"02/03/2023","24","1371.2","1.5"
"02/03/2023","24","1419.2","1.56"
"02/03/2023","24","1471","1.6"
"02/03/2023","24","1511","1.69"
"02/03/2023","24","1637.1","1.95"
"02/03/2023","24","1684.6","1.98"
"02/03/2023","24","1699.6","1.99"
"02/03/2023","24","1749.9","2"
"02/03/2023","24","1766.7","2.01"
"02/03/2023","24","1774.2","2.04"
"02/03/2023","24","1781.7","2.05"
"02/03/2023","24","1822.7","2.11"
"02/03/2023","24","1894.7","2.15"
"02/03/2023","24","1914.7","2.34"
"02/03/2023","24","1934.7","2.39"
"02/03/2023","24","1948.9","2.4"
"02/03/2023","24","1977.9","2.41"
"02/03/2023","24","2024.9","2.49"
"02/03/2023","24","2038.9","2.54"
"02/03/2023","24","2078.9","2.69"
"02/03/2023","24","2116","2.81"
"02/03/2023","24","2130","2.87"
"02/03/2023","24","2146.5","2.91"
"02/03/2023","24","2252.9","3"
"02/03/2023","24","2266.9","3.28"
"02/03/2023","24","2286.9","3.29"
"02/03/2023","24","2326.9","3.69"
"02/03/2023","24","2336.9","4"
"02/03/2023","24","2343.5","4.05"
"02/03/2023","24","2351","4.41"
"02/03/2023","24","2358.5","4.44"
"02/03/2023","24","2373.5","4.63"
"02/03/2023","24","2403.5","4.69"
"02/03/2023","24","2417.5","4.71"
"02/03/2023","24","2451.5","4.95"
"02/03/2023","24","2471.5","4.96"
"02/03/2023","24","2573.5","5"
"02/03/2023","24","2589.5","5.15"
"02/03/2023","24","2604.5","5.27"
"02/03/2023","24","2619.5","5.34"
"02/03/2023","24","2634.5","5.38"
"02/03/2023","24","2649.5","5.42"
"02/03/2023","24","2672","5.51"
"02/03/2023","24","2676.2","5.59"
"02/03/2023","24","2692","5.62"
"02/03/2023","24","2714.5","5.75"
"02/03/2023","24","2754.5","5.97"
"02/03/2023","24","2774.5","6.05"
"02/03/2023","24","2786.5","6.38"
"02/03/2023","24","2809","6.57"
"02/03/2023","24","2829","6.65"
"02/03/2023","24","2851.5","6.81"
"02/03/2023","24","2863.5","6.82"
"02/03/2023","24","2878.5","7"
"02/03/2023","24","2893.5","7.07"
"02/03/2023","24","2908.5","7.23"
"02/03/2023","24","2923.5","7.32"
"02/03/2023","24","2938.5","7.39"
"02/03/2023","24","2953.5","7.47"
"02/03/2023","24","2961","7.48"
"02/03/2023","24","2968.5","7.51"
"02/03/2023","24","2988.5","7.87"
"02/03/2023","24","3029","7.97"
"02/03/2023","24","3041","8.03"
"02/03/2023","24","3113","8.15"
"02/03/2023","24","3132.5","8.28"
"02/03/2023","24","3140","8.55"
"02/03/2023","24","3147.5","9.57"
"02/03/2023","24","3207.5","10.04"
"02/03/2023","24","3215","10.44"
"02/03/2023","24","3230","11.07"
"02/03/2023","24","3245","11.09"
"02/03/2023","24","3260","12.56"
"02/03/2023","24","3275","12.58"
"02/03/2023","24","3282.5","13.02"
"02/03/2023","24","3293.5","13.84"
"02/03/2023","24","3365.5","14.15"
"02/03/2023","24","3422.5","29.15"
"02/03/2023","24","3442.5","50.01"
"02/03/2023","24","3501.5","50.69"
"02/03/2023","24","3531.5","100"
"02/03/2023","24","3571.5","400"
"02/03/2023","24","3594.5","1000"
"02/03/2023","24","3594.6","5000"
